national_number,birthdate,age,gender,age_category,company,full_name
57.04.25-655.94,1957-04-25,66,Male,47-113 Senior,Huet s a s,Édouard Hoarau
66.07.21-762.08,1966-07-21,57,Female,47-113 Senior,Gimenez,Nath Raymond
80.07.22-299.56,1980-07-22,43,Male,43-46 À point,Thibault boyer s a s,Élise Reynaud
89.04.01-944.45,1989-04-01,34,Female,0-38 Jeune,Weiss,Laure Gérard
58.05.11-442.46,1958-05-11,65,Female,47-113 Senior,Blanc,Célina Ledoux
53.12.07-483.54,1953-12-07,70,Male,47-113 Senior,Marques boucher et fils,Sylvie Lacombe
74.03.09-646.92,1974-03-09,50,Female,47-113 Senior,Guillaume s a,William Paul
63.04.27-051.78,1963-04-27,60,Male,47-113 Senior,Blin descamps et fils,Nathalie Roussel
79.05.03-332.45,1979-05-03,44,Female,43-46 À point,Ledoux bernier s a s,Élisabeth Baudry
55.06.02-000.91,1955-06-02,68,Female,47-113 Senior,Guillot,Bernadette Didier
48.05.06-594.67,1948-05-06,75,Female,47-113 Senior,Guichard,Roger Vallée
60.09.19-736.92,1960-09-19,63,Female,47-113 Senior,Dumont,Robert Chevallier
63.12.10-808.74,1963-12-10,60,Female,47-113 Senior,Coulon,Émilie Martins
47.05.21-469.73,1947-05-21,76,Male,47-113 Senior,Verdier,Lucie Lefort
89.03.28-990.03,1989-03-28,34,Female,0-38 Jeune,Collin,Gabrielle Gilbert
88.09.05-127.37,1988-09-05,35,Male,0-38 Jeune,Fontaine,David Rémy
58.07.05-616.49,1958-07-05,65,Female,47-113 Senior,Moreau,Margot Letellier
46.12.09-955.28,1946-12-09,77,Male,47-113 Senior,Pruvost,Martin Pereira
94.07.17-715.27,1994-07-17,29,Male,0-38 Jeune,Fabre s a r l,René Hebert
78.02.15-336.05,1978-02-15,46,Female,43-46 À point,Aubert,Antoine Lebreton
60.03.06-226.81,1960-03-06,64,Female,47-113 Senior,Gilles,Diane Martin
79.02.19-105.43,1979-02-19,45,Male,43-46 À point,Gautier,Patrick Wagner
64.04.24-323.06,1964-04-24,59,Male,47-113 Senior,Bouchet barbe sarl,Aurore Rodrigues
66.12.13-408.39,1966-12-13,57,Female,47-113 Senior,Pires germain s a,Gilles Boutin
67.07.18-879.45,1967-07-18,56,Male,47-113 Senior,Tanguy gregoire sarl,Maggie Bouvet
54.02.15-333.98,1954-02-15,70,Male,47-113 Senior,Pelletier,Julien Gallet
73.12.13-237.21,1973-12-13,50,Male,47-113 Senior,Leduc,Frédérique Lévy
53.10.11-260.19,1953-10-11,70,Female,47-113 Senior,Gimenez,Clémence Morvan
73.11.11-284.75,1973-11-11,50,Female,47-113 Senior,Lejeune,Tristan Dupré
71.01.12-940.68,1971-01-12,53,Female,47-113 Senior,Antoine,Pierre Clerc
47.01.16-400.04,1947-01-16,77,Female,47-113 Senior,Tessier,Louise Carlier
65.07.08-404.54,1965-07-08,58,Female,47-113 Senior,Maillet alexandre s a,Laure Nguyen
84.08.12-436.55,1984-08-12,39,Female,39-42 Adulte,Regnier,Brigitte Descamps
97.12.06-617.12,1997-12-06,26,Male,0-38 Jeune,Raynaud gaudin et fils,Madeleine Jacques
87.05.15-169.35,1987-05-15,36,Male,0-38 Jeune,Traore,Martine Peltier
77.07.25-993.26,1977-07-25,46,Male,43-46 À point,Schmitt lefebvre sa,Colette Dupuy
84.10.24-747.74,1984-10-24,39,Male,39-42 Adulte,Tanguy,Suzanne Jacquot
66.08.29-008.87,1966-08-29,57,Female,47-113 Senior,Courtois,Margaret Rousset
52.01.01-592.53,1952-01-01,72,Female,47-113 Senior,Thibault s a,Marcel Pons
63.02.07-346.88,1963-02-07,61,Female,47-113 Senior,Sauvage s a s,Margaud Valette
73.12.16-820.47,1973-12-16,50,Female,47-113 Senior,Lemonnier joseph s a s,Marcelle Breton
79.11.03-694.90,1979-11-03,44,Female,43-46 À point,Chauveau,Zoé Bouvet
96.08.06-446.44,1996-08-06,27,Female,0-38 Jeune,Marchand dos santos s a s,Roger Blanchet
71.11.18-478.51,1971-11-18,52,Female,47-113 Senior,Loiseau sa,Claude Chevalier
67.07.11-400.42,1967-07-11,56,Female,47-113 Senior,Martinez,Aurélie Rousseau
55.01.26-715.47,1955-01-26,69,Male,47-113 Senior,Parent,Théodore Chauvin
78.11.18-743.06,1978-11-18,45,Male,43-46 À point,Costa,Denise Raymond
77.03.10-962.21,1977-03-10,47,Female,47-113 Senior,Lemonnier renard sarl,Éléonore Aubry
48.12.05-123.09,1948-12-05,75,Male,47-113 Senior,Pottier,Joséphine Laporte
81.08.24-170.89,1981-08-24,42,Female,39-42 Adulte,Prevost marion s a s,Noémi Gaudin
82.10.21-365.59,1982-10-21,41,Male,39-42 Adulte,Costa baudry sa,Jean Olivier
57.06.08-735.03,1957-06-08,66,Male,47-113 Senior,Michaud,Théodore Besnard
89.02.27-273.70,1989-02-27,35,Male,0-38 Jeune,Laroche,Suzanne Louis
75.11.03-267.35,1975-11-03,48,Male,47-113 Senior,Guillot,Victoire Carre
49.04.28-211.58,1949-04-28,74,Male,47-113 Senior,Rodrigues,Noël Roux
74.04.30-134.68,1974-04-30,49,Female,47-113 Senior,Descamps,Laurent Besson
49.01.08-141.06,1949-01-08,75,Male,47-113 Senior,Jacquot s a s,Jean Godard
72.10.05-558.26,1972-10-05,51,Female,47-113 Senior,Blin bertin s a,Marthe Hervé
71.01.22-376.82,1971-01-22,53,Female,47-113 Senior,Leger adam s a s,Jacqueline Dos Santos
77.02.16-033.86,1977-02-16,47,Male,47-113 Senior,Robert,André Albert
91.05.14-867.79,1991-05-14,32,Male,0-38 Jeune,Barthelemy chretien sarl,Michèle Pierre
77.05.01-048.84,1977-05-01,46,Female,43-46 À point,Durand,William Texier
74.11.30-121.82,1974-11-30,49,Male,47-113 Senior,Gallet,Gilles Schmitt
58.03.20-147.97,1958-03-20,65,Male,47-113 Senior,Goncalves guilbert s a,Henriette Bruneau
55.03.07-260.46,1955-03-07,69,Female,47-113 Senior,Guillet,Raymond Fabre
72.10.28-878.48,1972-10-28,51,Female,47-113 Senior,Mahe,Roland Michaud
79.06.24-623.77,1979-06-24,44,Male,43-46 À point,Poulain,Richard Nguyen
60.10.01-736.30,1960-10-01,63,Female,47-113 Senior,Chretien,Grégoire Valentin
54.12.31-705.14,1954-12-31,69,Male,47-113 Senior,Riviere s a r l,Alix Étienne
60.01.12-403.10,1960-01-12,64,Male,47-113 Senior,Lemaire,Aurore Ferreira
71.11.18-696.68,1971-11-18,52,Female,47-113 Senior,Barthelemy,Benoît Le Roux
79.10.08-490.84,1979-10-08,44,Female,43-46 À point,Coulon et fils,Rémy Leclercq
95.01.28-884.36,1995-01-28,29,Female,0-38 Jeune,Goncalves,Susan Laporte
88.12.25-659.35,1988-12-25,35,Male,0-38 Jeune,Marques,Xavier Marques
75.11.25-409.45,1975-11-25,48,Male,47-113 Senior,Toussaint s a r l,Léon Fontaine
78.05.06-202.27,1978-05-06,45,Female,43-46 À point,Rey sarl,Thibault Lecoq
50.05.19-953.12,1950-05-19,73,Male,47-113 Senior,Boulay,Patricia Fernandez
62.10.21-070.57,1962-10-21,61,Female,47-113 Senior,Lecomte,Aimée Sauvage
47.04.09-591.67,1947-04-09,76,Male,47-113 Senior,Merle navarro s a r l,Alexandrie Laine
63.05.05-032.49,1963-05-05,60,Female,47-113 Senior,Dias,Thibaut Fouquet
58.09.16-748.93,1958-09-16,65,Female,47-113 Senior,Nguyen,Marie Rousseau
94.11.27-320.46,1994-11-27,29,Female,0-38 Jeune,Salmon,Margaux Jacques
58.02.21-114.99,1958-02-21,66,Female,47-113 Senior,Rousset,Étienne Leblanc
49.03.18-938.05,1949-03-18,74,Female,47-113 Senior,Allard,Édith Gilbert
71.06.13-927.54,1971-06-13,52,Male,47-113 Senior,Texier,Renée Fabre
80.02.28-693.63,1980-02-28,44,Male,43-46 À point,Potier,Michèle Martinez
46.03.31-302.90,1946-03-31,77,Female,47-113 Senior,Robert et fils,Suzanne Bazin
56.11.09-974.73,1956-11-09,67,Female,47-113 Senior,Techer,Tristan Arnaud
92.07.02-831.95,1992-07-02,31,Male,0-38 Jeune,Sanchez,Jérôme Baron
56.02.25-454.01,1956-02-25,68,Female,47-113 Senior,Ollivier,Margaret Clerc
46.07.10-573.02,1946-07-10,77,Male,47-113 Senior,Morel,Emmanuelle Lejeune
59.09.28-330.76,1959-09-28,64,Female,47-113 Senior,Gilles roger sa,Célina Lebon
84.10.21-659.27,1984-10-21,39,Male,39-42 Adulte,Carlier et fils,Théophile Lévy
85.10.14-252.83,1985-10-14,38,Female,0-38 Jeune,Deschamps,François Devaux
71.09.18-316.51,1971-09-18,52,Female,47-113 Senior,Duval charrier s a,Jeannine Boyer
97.03.30-722.86,1997-03-30,26,Female,0-38 Jeune,Bouvier,Lucy Thierry
87.08.29-812.93,1987-08-29,36,Female,0-38 Jeune,Blin s a r l,Olivier Roussel
90.06.23-239.32,1990-06-23,33,Male,0-38 Jeune,Maurice sarl,Jérôme Moulin
75.01.15-142.43,1975-01-15,49,Female,47-113 Senior,Fabre,Adèle Masse
98.09.25-783.55,1998-09-25,25,Male,0-38 Jeune,Wagner,Suzanne Moreno
54.06.14-316.79,1954-06-14,69,Female,47-113 Senior,Jean michaud sarl,Thibaut Germain
92.02.02-984.89,1992-02-02,32,Female,0-38 Jeune,Jacques s a r l,Timothée Marchal
57.12.12-383.51,1957-12-12,66,Male,47-113 Senior,Vidal sarl,Zoé Allard
55.04.07-419.16,1955-04-07,68,Male,47-113 Senior,Deschamps et fils,Catherine Renault
97.11.27-512.85,1997-11-27,26,Female,0-38 Jeune,Chauvet sa,Michelle Dufour
68.01.05-756.20,1968-01-05,56,Female,47-113 Senior,Parent,Margaud Bernard
91.08.27-932.84,1991-08-27,32,Female,0-38 Jeune,Germain,Constance Bouvier
67.06.09-480.29,1967-06-09,56,Female,47-113 Senior,Guyon et fils,Jérôme Bonnin
55.05.09-226.87,1955-05-09,68,Female,47-113 Senior,Munoz sa,Corinne Bouchet
72.06.01-152.25,1972-06-01,51,Female,47-113 Senior,Pruvost,Isabelle Lacroix
73.07.04-356.44,1973-07-04,50,Female,47-113 Senior,Lefebvre weber sarl,Sophie Carpentier
56.07.19-836.03,1956-07-19,67,Female,47-113 Senior,Voisin seguin sarl,Marine Turpin
64.07.16-399.35,1964-07-16,59,Male,47-113 Senior,Mahe sa,Victoire Berger
66.04.15-343.00,1966-04-15,57,Male,47-113 Senior,Bouchet s a s,Laurent Poulain
48.03.06-057.02,1948-03-06,76,Male,47-113 Senior,Brun,Vincent Toussaint
69.03.22-885.53,1969-03-22,54,Male,47-113 Senior,Berger,Diane Aubert
92.07.30-360.11,1992-07-30,31,Female,0-38 Jeune,Auger s a r l,Thibault Pires
95.12.27-484.59,1995-12-27,28,Female,0-38 Jeune,Jacob sa,Suzanne Gautier
67.02.27-305.52,1967-02-27,57,Male,47-113 Senior,Lenoir s a r l,Élisabeth Toussaint
66.07.16-925.20,1966-07-16,57,Male,47-113 Senior,Imbert,Robert Dufour
98.09.24-527.53,1998-09-24,25,Male,0-38 Jeune,Fleury s a s,Jeanne Humbert
67.01.29-966.22,1967-01-29,57,Female,47-113 Senior,Collin et fils,Brigitte Mace
92.01.21-451.65,1992-01-21,32,Male,0-38 Jeune,Lacroix de sousa s a,Henriette Albert
59.03.15-105.45,1959-03-15,64,Male,47-113 Senior,Roy,Théophile Raymond
49.01.06-304.09,1949-01-06,75,Female,47-113 Senior,Julien legros sarl,Stéphane Chrétien
57.03.22-401.33,1957-03-22,66,Male,47-113 Senior,Ferreira s a s,Jean Verdier
79.03.05-388.18,1979-03-05,45,Female,43-46 À point,Joubert roussel s a s,Martin Pruvost
46.03.02-746.25,1946-03-02,78,Female,47-113 Senior,Bodin,Luce Valentin
63.07.12-949.76,1963-07-12,60,Male,47-113 Senior,Marie,Nicole Marchand
51.03.11-195.36,1951-03-11,73,Male,47-113 Senior,Hoareau,Gilbert Roy
49.11.16-599.89,1949-11-16,74,Male,47-113 Senior,Boulanger munoz s a,Victor Jacquet
57.02.13-722.62,1957-02-13,67,Female,47-113 Senior,Courtois moreno s a,Aurore Imbert
84.06.26-924.50,1984-06-26,39,Female,39-42 Adulte,Henry et fils,Jean Faure
86.02.03-534.84,1986-02-03,38,Female,0-38 Jeune,Lagarde leger et fils,Maurice Gros
50.05.20-579.52,1950-05-20,73,Male,47-113 Senior,Remy,Nicole Masse
70.08.31-791.46,1970-08-31,53,Male,47-113 Senior,Vallee,Aurore Gérard
92.12.05-836.63,1992-12-05,31,Female,0-38 Jeune,Hamel,Bernard Roger
72.10.16-303.28,1972-10-16,51,Male,47-113 Senior,Picard s a r l,Constance Blondel
81.11.10-796.36,1981-11-10,42,Female,39-42 Adulte,Colin,Philippe Blanchet
52.01.24-784.66,1952-01-24,72,Female,47-113 Senior,Perez,Jacques Rossi
61.10.18-730.81,1961-10-18,62,Female,47-113 Senior,Raymond,Gérard Cousin
47.04.29-402.23,1947-04-29,76,Female,47-113 Senior,Clement,Suzanne Pons
50.05.20-657.49,1950-05-20,73,Male,47-113 Senior,Weber et fils,Jacqueline Collet
62.06.11-397.42,1962-06-11,61,Male,47-113 Senior,Barre garcia sarl,Manon Bernier
59.05.30-071.49,1959-05-30,64,Male,47-113 Senior,Maury et fils,Emmanuelle Renard
55.11.03-984.33,1955-11-03,68,Female,47-113 Senior,Sauvage nicolas s a r l,Suzanne Masson
94.08.30-232.22,1994-08-30,29,Female,0-38 Jeune,Lacroix,Jérôme Da Silva
60.05.16-905.63,1960-05-16,63,Male,47-113 Senior,Rodrigues,Sabine Bruneau
73.01.02-735.82,1973-01-02,51,Male,47-113 Senior,Rolland aubert s a r l,Denise Baron
91.09.09-213.73,1991-09-09,32,Male,0-38 Jeune,Mahe riou s a,Cécile Fernandes
60.05.12-885.05,1960-05-12,63,Male,47-113 Senior,Boulay martineau s a s,Emmanuelle Bodin
53.10.16-909.67,1953-10-16,70,Male,47-113 Senior,Robert,Anaïs Bertrand
66.06.16-005.31,1966-06-16,57,Male,47-113 Senior,Grondin clement sarl,Susan Jacques
94.12.25-060.31,1994-12-25,29,Female,0-38 Jeune,Techer chauvin sarl,Hortense Buisson
63.05.31-897.76,1963-05-31,60,Male,47-113 Senior,Pinto s a r l,Timothée Brunel
65.01.10-049.39,1965-01-10,59,Male,47-113 Senior,Weiss,Stéphanie Blin
60.05.10-568.09,1960-05-10,63,Female,47-113 Senior,Boutin s a,Lorraine Paris
75.09.04-571.26,1975-09-04,48,Male,47-113 Senior,Lemaitre,Sabine Hebert
98.01.23-364.29,1998-01-23,26,Female,0-38 Jeune,Gay sarl,Thérèse Gérard
90.06.14-124.03,1990-06-14,33,Female,0-38 Jeune,Couturier,Sylvie Brun
69.08.27-666.97,1969-08-27,54,Female,47-113 Senior,Riou,Gérard Moreau
76.12.29-582.89,1976-12-29,47,Female,47-113 Senior,Mallet paul s a s,Michelle Dumont
57.09.05-464.05,1957-09-05,66,Female,47-113 Senior,Coulon da costa s a r l,Marthe Laurent
69.09.21-974.94,1969-09-21,54,Female,47-113 Senior,Lebreton,Jeannine Le Goff
89.05.01-918.38,1989-05-01,34,Female,0-38 Jeune,Martin,Geneviève Martin
57.01.26-127.22,1957-01-26,67,Male,47-113 Senior,Garnier sarl,Michel Leduc
70.11.24-770.38,1970-11-24,53,Female,47-113 Senior,Dupont louis sarl,Émilie Valette
85.01.12-742.71,1985-01-12,39,Female,39-42 Adulte,Marchal rodrigues s a,Renée Ribeiro
67.05.18-572.69,1967-05-18,56,Female,47-113 Senior,Nicolas s a s,Roger Prévost
95.10.12-208.61,1995-10-12,28,Female,0-38 Jeune,Dijoux sarl,Pierre Lebon
51.10.12-468.61,1951-10-12,72,Female,47-113 Senior,Renaud olivier sa,Antoinette Pineau
50.05.25-754.29,1950-05-25,73,Female,47-113 Senior,De sousa et fils,Sabine Le Goff
85.01.02-359.93,1985-01-02,39,Male,39-42 Adulte,Weiss sa,Alix Hubert
73.07.19-778.27,1973-07-19,50,Female,47-113 Senior,Morin,Agnès Coulon
66.04.18-605.87,1966-04-18,57,Male,47-113 Senior,Marchand riou s a s,René Brunet
49.04.07-150.97,1949-04-07,74,Female,47-113 Senior,Colas,Sophie Rocher
90.07.04-129.75,1990-07-04,33,Male,0-38 Jeune,Muller,Adrienne Girard
69.07.17-425.98,1969-07-17,54,Male,47-113 Senior,Munoz s a s,René Ferrand
98.02.19-331.89,1998-02-19,26,Male,0-38 Jeune,Regnier,Hugues Allard
84.02.11-875.96,1984-02-11,40,Male,39-42 Adulte,Cousin,Capucine Merle
65.02.18-069.73,1965-02-18,59,Male,47-113 Senior,Riviere fabre sa,Charles Durand
51.09.20-961.88,1951-09-20,72,Male,47-113 Senior,Bigot sarl,Eugène Lecoq
71.05.21-236.46,1971-05-21,52,Female,47-113 Senior,Hebert fernandez sa,Antoine Hebert
86.05.23-793.97,1986-05-23,37,Male,0-38 Jeune,Lejeune s a,Claudine Rémy
96.05.31-404.50,1996-05-31,27,Female,0-38 Jeune,Bourgeois millet sarl,Laetitia Pruvost
71.05.29-510.85,1971-05-29,52,Female,47-113 Senior,Jourdan,Julien Muller
54.05.13-689.21,1954-05-13,69,Male,47-113 Senior,Gilles,Adrien Gomes
93.04.06-603.05,1993-04-06,30,Male,0-38 Jeune,Joly,Odette Dias
97.05.19-570.39,1997-05-19,26,Female,0-38 Jeune,Pereira,Thierry Hebert
67.05.05-330.67,1967-05-05,56,Female,47-113 Senior,Prevost martin s a,Bernadette Marty
48.10.23-768.39,1948-10-23,75,Female,47-113 Senior,Pierre,Thomas Morel
84.06.19-524.04,1984-06-19,39,Female,39-42 Adulte,Neveu simon et fils,Michelle Blanc
96.05.06-449.08,1996-05-06,27,Male,0-38 Jeune,Hubert,Élise Delaunay
86.01.08-897.90,1986-01-08,38,Male,0-38 Jeune,Lacroix,Margot Merle
97.06.16-787.73,1997-06-16,26,Male,0-38 Jeune,Roux baudry sa,Isabelle Bailly
78.09.19-146.45,1978-09-19,45,Female,43-46 À point,Guerin,Dominique Faivre
80.02.02-644.70,1980-02-02,44,Female,43-46 À point,Le goff neveu s a,Audrey Grondin
82.06.12-026.75,1982-06-12,41,Female,39-42 Adulte,Ribeiro fontaine et fils,Françoise Godard
89.06.13-936.10,1989-06-13,34,Female,0-38 Jeune,Remy,Alphonse Boucher
58.05.27-320.37,1958-05-27,65,Female,47-113 Senior,Breton s a,Alphonse Henry
57.11.13-797.24,1957-11-13,66,Male,47-113 Senior,Peltier,Nathalie Carpentier
71.04.06-267.45,1971-04-06,52,Male,47-113 Senior,Masson s a,Élodie Nicolas
84.12.23-947.31,1984-12-23,39,Male,39-42 Adulte,Mace,Philippine Baudry
77.09.28-126.57,1977-09-28,46,Female,43-46 À point,Thomas et fils,Michel Roche
93.07.30-144.45,1993-07-30,30,Female,0-38 Jeune,Besnard,Xavier Guyot
65.08.17-997.35,1965-08-17,58,Male,47-113 Senior,Launay,Christine Lacroix
97.04.13-885.38,1997-04-13,26,Male,0-38 Jeune,Leduc,Laurence Thomas
69.01.15-087.80,1969-01-15,55,Male,47-113 Senior,Peron,Hortense Gonzalez
94.10.29-974.89,1994-10-29,29,Female,0-38 Jeune,Carpentier s a s,Édith Poulain
98.09.04-030.00,1998-09-04,25,Female,0-38 Jeune,Clement le roux s a,Yves Raynaud
80.06.27-219.77,1980-06-27,43,Male,43-46 À point,Marie s a r l,Roger Moreau
97.04.15-400.49,1997-04-15,26,Female,0-38 Jeune,Roche et fils,Bertrand François
83.12.23-163.75,1983-12-23,40,Male,39-42 Adulte,Guichard,Marcelle Martinez
75.07.18-530.16,1975-07-18,48,Female,47-113 Senior,Gilbert,Timothée Fischer
49.09.05-290.85,1949-09-05,74,Female,47-113 Senior,Bonnin et fils,Gilles Pinto
93.01.31-442.81,1993-01-31,31,Female,0-38 Jeune,Tanguy rocher sa,Joseph Raymond
78.10.14-811.72,1978-10-14,45,Male,43-46 À point,Dufour sarl,Charles Perrin
73.05.20-866.15,1973-05-20,50,Female,47-113 Senior,Gaillard,Agathe Fabre
65.05.07-320.90,1965-05-07,58,Female,47-113 Senior,Guillet s a,Dorothée Schmitt
80.12.09-679.15,1980-12-09,43,Male,43-46 À point,Laurent sa,Sophie Munoz
51.12.06-321.66,1951-12-06,72,Male,47-113 Senior,Vincent,Arnaude Verdier
49.08.12-352.62,1949-08-12,74,Female,47-113 Senior,Hernandez,Christelle Lemoine
54.07.22-626.61,1954-07-22,69,Female,47-113 Senior,Morel s a r l,Amélie Gauthier
80.08.22-708.01,1980-08-22,43,Female,43-46 À point,Boutin buisson sa,Raymond Regnier
72.03.11-436.41,1972-03-11,52,Female,47-113 Senior,Marin mace s a s,Jérôme Guilbert
77.11.19-637.31,1977-11-19,46,Male,43-46 À point,Legendre,Jacqueline Perrin
85.07.27-229.15,1985-07-27,38,Male,0-38 Jeune,Legendre,Gilbert Deschamps
76.09.06-432.86,1976-09-06,47,Female,47-113 Senior,Guichard lacroix et fils,Vincent Jacquet
54.12.07-410.02,1954-12-07,69,Female,47-113 Senior,Roche,Yves Lévy
81.10.08-122.13,1981-10-08,42,Female,39-42 Adulte,David,Joséphine Gallet
52.12.24-499.17,1952-12-24,71,Male,47-113 Senior,Guerin,Monique Pierre
97.06.24-021.18,1997-06-24,26,Male,0-38 Jeune,Leclerc,Grégoire Seguin
61.06.30-859.93,1961-06-30,62,Male,47-113 Senior,Chretien pages et fils,Stéphanie Cohen
83.03.19-414.79,1983-03-19,40,Female,39-42 Adulte,Ferrand,Véronique Bouvet
83.02.02-635.87,1983-02-02,41,Male,39-42 Adulte,Maillet germain et fils,Maurice Chevalier
86.08.10-302.10,1986-08-10,37,Female,0-38 Jeune,Pichon,Jacques Albert
87.06.04-045.50,1987-06-04,36,Male,0-38 Jeune,Blot et fils,Emmanuelle Joseph
65.03.16-662.52,1965-03-16,58,Female,47-113 Senior,Bertrand sa,Victoire Charles
97.07.28-837.58,1997-07-28,26,Male,0-38 Jeune,Menard,Isaac Noël
88.05.20-384.80,1988-05-20,35,Female,0-38 Jeune,Le roux leduc sarl,Emmanuelle Étienne
51.07.21-786.11,1951-07-21,72,Female,47-113 Senior,Martinez,Agathe Vasseur
97.10.19-965.03,1997-10-19,26,Male,0-38 Jeune,Jacob,Josette Cordier
49.07.05-387.34,1949-07-05,74,Male,47-113 Senior,Marion,Agnès Guilbert
87.03.07-496.33,1987-03-07,37,Female,0-38 Jeune,Rousseau guillot s a,Bernard Gillet
83.02.01-061.92,1983-02-01,41,Male,39-42 Adulte,Pichon bazin et fils,Josette Brunel
75.12.15-936.74,1975-12-15,48,Female,47-113 Senior,Duval s a s,Marianne Diallo
85.06.22-151.00,1985-06-22,38,Male,0-38 Jeune,Gay albert et fils,Isabelle Lamy
88.07.21-961.19,1988-07-21,35,Male,0-38 Jeune,Boyer sa,Thérèse Hubert
47.05.28-874.55,1947-05-28,76,Female,47-113 Senior,Riviere,Alain Guyot
70.06.26-645.56,1970-06-26,53,Male,47-113 Senior,Benoit sa,Élodie Pelletier
82.06.08-075.71,1982-06-08,41,Male,39-42 Adulte,Jacob sarl,Geneviève Sanchez
49.06.24-926.15,1949-06-24,74,Female,47-113 Senior,Seguin,Honoré Traore
64.11.30-062.67,1964-11-30,59,Female,47-113 Senior,Bodin,Alex Marin
86.12.25-338.38,1986-12-25,37,Female,0-38 Jeune,Chauveau s a s,Clémence Vidal
62.09.05-008.41,1962-09-05,61,Female,47-113 Senior,Delahaye,Michel Masson
81.11.12-069.05,1981-11-12,42,Male,39-42 Adulte,Renard sa,Anouk Guillou
58.03.20-713.04,1958-03-20,65,Male,47-113 Senior,Laine sarl,Victor Devaux
50.01.27-882.67,1950-01-27,74,Female,47-113 Senior,Texier sarl,Adèle Thierry
83.11.20-538.43,1983-11-20,40,Female,39-42 Adulte,Laine sarl,Émile Hoarau
95.05.13-838.41,1995-05-13,28,Female,0-38 Jeune,Valette joubert s a r l,Michèle Gautier
93.12.18-102.65,1993-12-18,30,Female,0-38 Jeune,Morel,Bernard Godard
79.02.24-708.83,1979-02-24,45,Female,43-46 À point,Huet et fils,Arthur Neveu
86.11.22-473.16,1986-11-22,37,Male,0-38 Jeune,Renaud,Andrée Grenier
51.10.19-544.59,1951-10-19,72,Female,47-113 Senior,Klein,Susan Gautier
80.12.24-857.09,1980-12-24,43,Male,43-46 À point,Martineau,Margaux Nguyen
79.02.09-813.57,1979-02-09,45,Male,43-46 À point,Faure,Aimé Rodriguez
46.06.27-087.94,1946-06-27,77,Male,47-113 Senior,Charpentier,Franck Perrier
98.11.03-025.48,1998-11-03,25,Male,0-38 Jeune,Leclercq,Marine Garnier
53.10.26-653.99,1953-10-26,70,Male,47-113 Senior,Teixeira lebreton sarl,Christine Bègue
46.07.25-044.38,1946-07-25,77,Female,47-113 Senior,Caron s a s,Marcelle Barbe
86.05.29-880.83,1986-05-29,37,Female,0-38 Jeune,Fouquet marchal s a s,Catherine Richard
82.01.04-989.81,1982-01-04,42,Male,39-42 Adulte,Guibert,Susanne Guillet
79.07.14-022.24,1979-07-14,44,Female,43-46 À point,Sauvage s a,Édouard Lebon
60.11.08-326.30,1960-11-08,63,Female,47-113 Senior,Arnaud,Adrien Guichard
95.09.16-868.11,1995-09-16,28,Female,0-38 Jeune,Royer s a,Célina Barthelemy
53.04.27-861.19,1953-04-27,70,Male,47-113 Senior,Garnier,Agathe Gauthier
54.07.23-293.21,1954-07-23,69,Male,47-113 Senior,Schneider rousset sarl,Michel Guérin
50.01.13-891.94,1950-01-13,74,Male,47-113 Senior,Adam bonneau s a s,Brigitte Maréchal
85.05.05-543.09,1985-05-05,38,Male,0-38 Jeune,Cordier antoine s a,Thibault Lesage
78.02.23-451.18,1978-02-23,46,Male,43-46 À point,Hebert,Françoise Riou
92.05.20-812.52,1992-05-20,31,Female,0-38 Jeune,Reynaud,Zacharie Breton
94.07.30-358.36,1994-07-30,29,Female,0-38 Jeune,Lenoir,Édouard Legros
98.09.05-992.03,1998-09-05,25,Female,0-38 Jeune,Wagner,Tristan Denis
68.07.04-461.38,1968-07-04,55,Male,47-113 Senior,Sanchez,Tristan Étienne
94.02.28-237.09,1994-02-28,30,Male,0-38 Jeune,Vallee,Rémy Meyer
84.01.12-449.16,1984-01-12,40,Male,39-42 Adulte,Carre,Corinne Delmas
48.01.17-561.61,1948-01-17,76,Male,47-113 Senior,Bourdon,Thibault Joseph
96.08.11-109.80,1996-08-11,27,Male,0-38 Jeune,Chauveau s a s,Adèle Verdier
74.04.28-224.03,1974-04-28,49,Female,47-113 Senior,Leroux,Alphonse Delorme
81.03.15-685.95,1981-03-15,42,Male,39-42 Adulte,Royer,Philippe Michel
61.08.28-824.52,1961-08-28,62,Female,47-113 Senior,Da silva et fils,Luce Boyer
98.01.04-192.90,1998-01-04,26,Female,0-38 Jeune,Jacquot,Franck Lemonnier
95.09.28-899.68,1995-09-28,28,Male,0-38 Jeune,Lecomte sa,Martin Fontaine
86.07.21-466.25,1986-07-21,37,Female,0-38 Jeune,Roy s a,Marine Masson
87.10.23-572.39,1987-10-23,36,Female,0-38 Jeune,Rodriguez s a s,Manon Nguyen
62.01.16-051.14,1962-01-16,62,Male,47-113 Senior,Lenoir et fils,Pierre Leclercq
91.10.25-033.49,1991-10-25,32,Male,0-38 Jeune,Albert et fils,Mathilde Joly
79.06.17-908.37,1979-06-17,44,Female,43-46 À point,Poirier leleu sarl,Philippe Lamy
63.07.03-712.79,1963-07-03,60,Female,47-113 Senior,Joseph,Stéphane Muller
84.07.04-127.63,1984-07-04,39,Male,39-42 Adulte,Boucher david et fils,Brigitte Allain
96.12.21-139.76,1996-12-21,27,Male,0-38 Jeune,Chretien s a,Pauline Millet
87.01.24-305.65,1987-01-24,37,Male,0-38 Jeune,Levy mathieu sarl,Astrid Michaud
63.04.26-305.62,1963-04-26,60,Male,47-113 Senior,Leroux,Manon Mary
71.10.19-054.11,1971-10-19,52,Female,47-113 Senior,Perrot benard s a r l,Tristan Baudry
50.02.12-843.11,1950-02-12,74,Male,47-113 Senior,Chauvet sa,Chantal Toussaint
71.01.15-060.41,1971-01-15,53,Female,47-113 Senior,Diallo,Maryse Lamy
87.04.09-046.23,1987-04-09,36,Female,0-38 Jeune,Weiss s a,Gabrielle Benoit
66.04.06-927.85,1966-04-06,57,Male,47-113 Senior,Chretien allain et fils,Susanne Bonnet
61.08.09-263.04,1961-08-09,62,Male,47-113 Senior,Ledoux,Brigitte De Oliveira
77.11.13-406.91,1977-11-13,46,Female,43-46 À point,Petitjean,Joseph Payet
93.07.29-371.73,1993-07-29,30,Male,0-38 Jeune,Legros,Margot Lambert
46.06.01-831.12,1946-06-01,77,Male,47-113 Senior,Masse,Lucie Morin
82.12.13-280.37,1982-12-13,41,Female,39-42 Adulte,Verdier,Nicole Diaz
87.06.28-284.94,1987-06-28,36,Female,0-38 Jeune,Laporte,Paulette Marty
81.12.23-219.04,1981-12-23,42,Male,39-42 Adulte,Guilbert,Odette Goncalves
57.03.30-102.20,1957-03-30,66,Female,47-113 Senior,David millet sarl,Josette Breton
62.03.14-601.56,1962-03-14,62,Male,47-113 Senior,Normand noel sa,Louis Hamel
86.04.01-212.38,1986-04-01,37,Female,0-38 Jeune,Mahe sarl,Guillaume Dufour
61.03.26-999.07,1961-03-26,62,Male,47-113 Senior,Etienne pottier sa,Geneviève Chauvin
61.03.12-511.90,1961-03-12,63,Male,47-113 Senior,Labbe,Christelle Delaunay
69.12.18-515.20,1969-12-18,54,Male,47-113 Senior,Meunier s a r l,Victoire Baudry
55.07.01-038.36,1955-07-01,68,Female,47-113 Senior,Moulin,Tristan Guillot
66.08.04-507.10,1966-08-04,57,Male,47-113 Senior,Vallet,Philippine Jacquot
89.10.18-016.13,1989-10-18,34,Female,0-38 Jeune,Thibault simon sarl,Jean Brun
86.11.24-234.56,1986-11-24,37,Female,0-38 Jeune,Vidal,Suzanne Vallée
78.11.24-498.29,1978-11-24,45,Female,43-46 À point,Laine roy s a,Noémi Hervé
67.07.22-276.89,1967-07-22,56,Female,47-113 Senior,Guibert etienne s a s,Josette Guichard
54.12.04-807.33,1954-12-04,69,Male,47-113 Senior,Mallet,Susanne Merle
56.03.27-504.99,1956-03-27,67,Female,47-113 Senior,Maury,Isaac Ferreira
75.05.20-323.06,1975-05-20,48,Male,47-113 Senior,Grenier,Agathe Antoine
59.03.01-524.87,1959-03-01,65,Female,47-113 Senior,Ramos,Astrid Thierry
47.05.23-788.26,1947-05-23,76,Female,47-113 Senior,Legros,Denis Laine
75.10.13-544.63,1975-10-13,48,Female,47-113 Senior,Boucher perrin sa,Antoinette Pottier
87.08.04-874.55,1987-08-04,36,Female,0-38 Jeune,Hebert cousin sa,Timothée Olivier
97.02.03-413.29,1997-02-03,27,Male,0-38 Jeune,Durand,Juliette Cousin
91.04.23-695.08,1991-04-23,32,Male,0-38 Jeune,Pelletier,Dominique Blin
99.01.19-199.91,1999-01-19,25,Male,0-38 Jeune,Poirier,Adélaïde Bruneau
84.10.21-038.50,1984-10-21,39,Female,39-42 Adulte,Laroche,Thérèse Lemaître
65.12.13-735.38,1965-12-13,58,Male,47-113 Senior,Gosselin perrot s a s,Alexandre Pasquier
85.03.22-095.14,1985-03-22,38,Male,0-38 Jeune,Mary turpin sarl,Isaac Boulay
56.02.16-818.98,1956-02-16,68,Female,47-113 Senior,Carre s a,Marthe Leduc
96.01.07-613.32,1996-01-07,28,Male,0-38 Jeune,Da silva sa,Vincent Mercier
46.08.25-831.80,1946-08-25,77,Male,47-113 Senior,Cordier,Eugène Dumas
58.05.07-734.21,1958-05-07,65,Female,47-113 Senior,Perez vaillant sarl,Victor Ferrand
59.02.26-924.11,1959-02-26,65,Female,47-113 Senior,Munoz s a,Nicole Louis
47.04.05-391.95,1947-04-05,76,Male,47-113 Senior,Evrard bailly et fils,Henriette Martins
52.11.03-659.19,1952-11-03,71,Male,47-113 Senior,Da costa,Adrienne Barthelemy
49.09.27-176.04,1949-09-27,74,Female,47-113 Senior,Martin colas s a r l,Marc Bouvet
62.05.25-909.97,1962-05-25,61,Male,47-113 Senior,Georges s a s,Élodie Vidal
66.10.07-899.61,1966-10-07,57,Male,47-113 Senior,Dos santos,Rémy Allard
75.03.23-579.83,1975-03-23,48,Male,47-113 Senior,Moulin,Sabine Le Gall
94.08.23-078.22,1994-08-23,29,Female,0-38 Jeune,Laine ruiz et fils,Jules Vallée
89.03.11-102.29,1989-03-11,35,Female,0-38 Jeune,Payet,Thibaut Aubert
53.12.05-444.00,1953-12-05,70,Female,47-113 Senior,Faure s a s,Susan Petit
84.04.08-236.43,1984-04-08,39,Female,39-42 Adulte,Raynaud sarl,Michelle Grégoire
73.09.25-248.88,1973-09-25,50,Female,47-113 Senior,Duval s a r l,Édith David
74.05.25-073.09,1974-05-25,49,Male,47-113 Senior,Martin s a,Denise Guillou
63.04.09-874.58,1963-04-09,60,Female,47-113 Senior,Ledoux,Margaud Marchal
61.08.23-499.66,1961-08-23,62,Male,47-113 Senior,Renard,Timothée Leroy
58.02.01-750.35,1958-02-01,66,Female,47-113 Senior,Delannoy fischer sarl,Jérôme Dupuy
83.06.22-479.25,1983-06-22,40,Male,39-42 Adulte,Normand,Théodore Martin
75.06.27-886.78,1975-06-27,48,Female,47-113 Senior,Gautier,Margot Fleury
59.12.02-474.74,1959-12-02,64,Female,47-113 Senior,Joubert,Stéphane Perret
84.09.30-601.06,1984-09-30,39,Male,39-42 Adulte,Pereira,Valérie Pruvost
84.07.22-263.22,1984-07-22,39,Male,39-42 Adulte,Delattre,Jeannine Costa
85.12.01-473.36,1985-12-01,38,Male,0-38 Jeune,Descamps,Geneviève Petit
76.05.14-248.75,1976-05-14,47,Female,47-113 Senior,Couturier klein sarl,Élise Martin
90.10.07-751.64,1990-10-07,33,Male,0-38 Jeune,Vallet bouchet sarl,Victor Didier
72.06.07-204.18,1972-06-07,51,Female,47-113 Senior,Bazin,Honoré Pereira
95.02.26-843.21,1995-02-26,29,Male,0-38 Jeune,Leclerc et fils,Alfred Hamel
50.03.01-488.92,1950-03-01,74,Female,47-113 Senior,Lagarde,Marguerite Perret
88.05.25-288.10,1988-05-25,35,Female,0-38 Jeune,Deschamps s a s,Marine Cordier
86.09.08-536.26,1986-09-08,37,Female,0-38 Jeune,Ruiz barbier sa,Adrienne Lefort
49.04.05-713.80,1949-04-05,74,Male,47-113 Senior,Georges,Jeanne Dias
89.01.24-961.87,1989-01-24,35,Male,0-38 Jeune,Texier,Diane Gilbert
68.07.27-774.43,1968-07-27,55,Female,47-113 Senior,Leroy,Virginie Hubert
94.11.23-138.60,1994-11-23,29,Female,0-38 Jeune,Perrin s a,Margot Colin
81.01.09-614.68,1981-01-09,43,Female,43-46 À point,Marechal lebrun sa,Agnès Gallet
48.08.27-675.35,1948-08-27,75,Male,47-113 Senior,Vasseur,Aimée De Sousa
72.05.14-816.39,1972-05-14,51,Female,47-113 Senior,Vallet,Alice Thomas
46.08.06-538.81,1946-08-06,77,Female,47-113 Senior,Hebert s a s,Louis Barre
57.06.16-209.01,1957-06-16,66,Male,47-113 Senior,Dupuis,Maurice Barthelemy
52.09.27-870.22,1952-09-27,71,Female,47-113 Senior,Valette,Marine Gilbert
90.04.22-505.16,1990-04-22,33,Male,0-38 Jeune,Bruneau,Grégoire Joseph
90.09.02-461.01,1990-09-02,33,Male,0-38 Jeune,Roussel levy sa,Jules Nguyen
89.08.22-139.09,1989-08-22,34,Male,0-38 Jeune,Leroux,Alice Bertrand
77.12.30-990.11,1977-12-30,46,Female,43-46 À point,Leroy,Caroline Berthelot
59.03.27-912.77,1959-03-27,64,Female,47-113 Senior,Rolland de sousa s a,Catherine De Sousa
84.06.05-361.85,1984-06-05,39,Male,39-42 Adulte,Delattre,André Dufour
58.08.22-065.95,1958-08-22,65,Male,47-113 Senior,Perret,Michel Bernard
57.03.02-451.71,1957-03-02,67,Male,47-113 Senior,Pinto et fils,Timothée Leleu
95.09.27-272.77,1995-09-27,28,Female,0-38 Jeune,Poulain sa,Alix Turpin
86.12.11-666.13,1986-12-11,37,Female,0-38 Jeune,Rolland sa,Gilles Huet
74.06.14-992.00,1974-06-14,49,Female,47-113 Senior,Salmon legendre s a r l,Céline Lévy
46.10.17-219.14,1946-10-17,77,Male,47-113 Senior,Garcia,Marine Vaillant
90.04.19-302.45,1990-04-19,33,Female,0-38 Jeune,Gallet sarl,Amélie Jean
85.01.17-838.73,1985-01-17,39,Female,39-42 Adulte,David roux s a r l,Marianne Perret
65.03.04-158.64,1965-03-04,59,Female,47-113 Senior,Blondel,Antoinette Auger
77.07.05-773.72,1977-07-05,46,Male,43-46 À point,Neveu fernandes s a s,Odette Ferreira
69.09.27-858.01,1969-09-27,54,Female,47-113 Senior,Giraud,Nath Thibault
79.08.06-210.86,1979-08-06,44,Female,43-46 À point,Picard langlois s a,René Fournier
82.11.04-210.29,1982-11-04,41,Female,39-42 Adulte,Lopez s a r l,Arnaude Rodrigues
95.06.09-505.54,1995-06-09,28,Male,0-38 Jeune,Rocher huet s a r l,Nicole Martins
86.08.25-423.23,1986-08-25,37,Male,0-38 Jeune,Roche,Jules Voisin
55.08.02-593.15,1955-08-02,68,Male,47-113 Senior,Loiseau weiss s a s,Bertrand Lebon
46.10.07-915.65,1946-10-07,77,Male,47-113 Senior,Renault s a s,Claude Vasseur
94.08.09-963.83,1994-08-09,29,Male,0-38 Jeune,Meyer,Christiane Rey
75.03.17-043.98,1975-03-17,48,Male,47-113 Senior,Marchand,Marc Langlois
56.11.01-445.27,1956-11-01,67,Male,47-113 Senior,Michaud,Zacharie Breton
90.11.19-477.06,1990-11-19,33,Male,0-38 Jeune,Michaud,Michèle Diallo
97.07.08-860.48,1997-07-08,26,Female,0-38 Jeune,Chretien et fils,Rémy Nguyen
86.04.13-338.45,1986-04-13,37,Female,0-38 Jeune,Rolland martins s a,Jean Blondel
86.06.02-142.75,1986-06-02,37,Female,0-38 Jeune,Torres petitjean et fils,Jean Duval
98.03.23-167.10,1998-03-23,25,Male,0-38 Jeune,Dubois michel s a,Hélène Charles
66.10.05-490.63,1966-10-05,57,Female,47-113 Senior,Albert,Jérôme Marques
82.04.28-033.08,1982-04-28,41,Male,39-42 Adulte,Pinto ferreira s a s,Léon Ledoux
80.10.12-049.56,1980-10-12,43,Male,43-46 À point,Marchand,Éric Rossi
85.06.03-707.27,1985-06-03,38,Male,0-38 Jeune,Rey,Guy Roche
68.04.09-268.59,1968-04-09,55,Female,47-113 Senior,Grenier,Henriette Labbé
64.06.13-928.54,1964-06-13,59,Female,47-113 Senior,Allard,Honoré Auger
48.03.06-325.95,1948-03-06,76,Male,47-113 Senior,Diallo s a,Sabine Leduc
53.01.27-684.56,1953-01-27,71,Female,47-113 Senior,Ferreira francois et fils,Emmanuelle Maillet
79.05.20-145.75,1979-05-20,44,Male,43-46 À point,Fernandez s a r l,Alice Bonnin
49.12.21-217.58,1949-12-21,74,Male,47-113 Senior,Leleu,Élisabeth Henry
97.08.21-361.21,1997-08-21,26,Male,0-38 Jeune,Muller,Gabriel Alves
83.05.25-892.05,1983-05-25,40,Female,39-42 Adulte,Menard,Susanne Joseph
92.06.02-499.83,1992-06-02,31,Male,0-38 Jeune,Guichard,Antoinette Pascal
95.09.28-386.30,1995-09-28,28,Female,0-38 Jeune,Lesage vincent s a,Raymond Le Goff
46.09.07-668.95,1946-09-07,77,Female,47-113 Senior,Pichon martinez et fils,Suzanne Roger
68.03.20-508.80,1968-03-20,55,Female,47-113 Senior,Morvan,Jérôme Blanc
64.08.19-605.52,1964-08-19,59,Male,47-113 Senior,Morin clerc s a s,Michelle Girard
75.04.08-236.16,1975-04-08,48,Female,47-113 Senior,Marchand le gall sa,Gabrielle Nicolas
47.02.23-273.96,1947-02-23,77,Male,47-113 Senior,Leblanc maillard sa,Margaud Auger
63.08.27-264.91,1963-08-27,60,Female,47-113 Senior,Dupuy sa,Bernadette Potier
69.07.25-047.65,1969-07-25,54,Male,47-113 Senior,Legros munoz s a r l,Catherine Roche
93.08.09-532.56,1993-08-09,30,Female,0-38 Jeune,Gosselin,Brigitte Lesage
53.02.07-118.15,1953-02-07,71,Female,47-113 Senior,Peron s a,Dominique Blot
82.09.30-000.00,1982-09-30,41,Female,39-42 Adulte,Jourdan dubois s a r l,Thibault Legros
89.03.19-849.49,1989-03-19,34,Male,0-38 Jeune,Wagner,Suzanne Costa
60.04.29-468.93,1960-04-29,63,Female,47-113 Senior,Allard,Augustin Gaudin
71.12.06-635.78,1971-12-06,52,Male,47-113 Senior,Lombard s a s,Émilie Seguin
55.02.18-926.05,1955-02-18,69,Female,47-113 Senior,Paris,Agathe Chrétien
91.01.26-317.97,1991-01-26,33,Male,0-38 Jeune,Pruvost,Alexandre Techer
62.02.26-636.34,1962-02-26,62,Female,47-113 Senior,Marin,Stéphane Brunet
56.04.27-314.40,1956-04-27,67,Female,47-113 Senior,Gillet,Paul Legros
95.04.09-523.78,1995-04-09,28,Male,0-38 Jeune,Raymond s a r l,Georges Faivre
56.06.26-633.91,1956-06-26,67,Male,47-113 Senior,Maillet adam sarl,Anaïs Alves
83.10.09-583.37,1983-10-09,40,Male,39-42 Adulte,Deschamps,Auguste Ferreira
89.11.15-842.48,1989-11-15,34,Female,0-38 Jeune,Mathieu,Virginie Henry
66.06.26-354.11,1966-06-26,57,Female,47-113 Senior,Roussel,Luce Pierre
71.02.26-540.72,1971-02-26,53,Female,47-113 Senior,Cousin rolland s a r l,Thibaut Salmon
79.08.19-242.06,1979-08-19,44,Female,43-46 À point,Leconte roy s a s,Luc Perrier
81.01.21-885.30,1981-01-21,43,Male,43-46 À point,Hamon,Aimé Lemonnier
49.08.16-615.37,1949-08-16,74,Male,47-113 Senior,Prevost,Céline Delattre
83.11.29-288.95,1983-11-29,40,Female,39-42 Adulte,Salmon rodrigues et fils,Émilie Reynaud
70.11.20-789.80,1970-11-20,53,Male,47-113 Senior,Lefebvre,Jules Durand
66.11.04-731.07,1966-11-04,57,Male,47-113 Senior,Brunet,Margaret Allard
86.12.02-773.50,1986-12-02,37,Male,0-38 Jeune,Lebrun sarl,Auguste De Sousa
79.06.09-615.07,1979-06-09,44,Male,43-46 À point,Brunel,Thibaut Clément
96.11.22-815.30,1996-11-22,27,Male,0-38 Jeune,Peron,Christophe Foucher
87.04.02-487.68,1987-04-02,36,Male,0-38 Jeune,Raymond et fils,Thomas Dumont
87.02.07-409.20,1987-02-07,37,Male,0-38 Jeune,Lecomte,Joséphine Giraud
90.06.10-660.96,1990-06-10,33,Female,0-38 Jeune,Dubois s a s,Henri Hoareau
93.07.15-615.48,1993-07-15,30,Male,0-38 Jeune,Le goff et fils,David Laurent
92.12.29-091.11,1992-12-29,31,Male,0-38 Jeune,Launay,Émilie Bernard
93.05.30-894.00,1993-05-30,30,Female,0-38 Jeune,Chartier,Agnès Laine
74.10.28-781.67,1974-10-28,49,Male,47-113 Senior,Maillard sarl,Guy Gallet
56.05.17-497.53,1956-05-17,67,Male,47-113 Senior,Carpentier,Margaret Chevallier
73.06.22-325.18,1973-06-22,50,Male,47-113 Senior,Meunier,Adrien Sanchez
67.12.28-006.38,1967-12-28,56,Female,47-113 Senior,Riou,Margaux Monnier
91.09.08-428.90,1991-09-08,32,Female,0-38 Jeune,Richard,Bernadette Auger
77.09.30-416.58,1977-09-30,46,Female,43-46 À point,Royer,Capucine Techer
84.12.17-721.45,1984-12-17,39,Male,39-42 Adulte,Goncalves sa,Élise Lemaire
48.06.09-074.43,1948-06-09,75,Female,47-113 Senior,Dupuis,Lucy Clerc
87.05.29-158.89,1987-05-29,36,Female,0-38 Jeune,Le gall delaunay s a s,Camille Hamon
95.11.25-800.62,1995-11-25,28,Female,0-38 Jeune,Moreno,Nath Delorme
96.04.09-919.71,1996-04-09,27,Male,0-38 Jeune,Chauvet fleury s a,Anne Raynaud
91.12.24-118.90,1991-12-24,32,Female,0-38 Jeune,Mercier,Agnès Texier
74.07.23-788.43,1974-07-23,49,Female,47-113 Senior,Arnaud,Virginie Marty
82.06.02-348.07,1982-06-02,41,Female,39-42 Adulte,Maillot,Marthe Reynaud
64.12.26-029.64,1964-12-26,59,Male,47-113 Senior,Lemaitre s a,Vincent Voisin
96.03.04-474.24,1996-03-04,28,Female,0-38 Jeune,Valentin,William Leconte
65.04.04-854.24,1965-04-04,58,Female,47-113 Senior,Boyer s a r l,Timothée Huet
54.11.23-546.13,1954-11-23,69,Female,47-113 Senior,Gillet voisin s a r l,Nath Clément
77.09.16-474.17,1977-09-16,46,Female,43-46 À point,Mercier,Sabine Besson
72.02.01-241.27,1972-02-01,52,Male,47-113 Senior,Duhamel s a s,Christelle Roger
59.01.08-387.79,1959-01-08,65,Male,47-113 Senior,Daniel,Anaïs Carpentier
52.08.28-641.21,1952-08-28,71,Male,47-113 Senior,Ollivier,Agnès Leroy
60.04.26-658.64,1960-04-26,63,Female,47-113 Senior,Dos santos antoine s a r l,Arnaude Riou
86.02.10-055.62,1986-02-10,38,Male,0-38 Jeune,Leveque bertrand sarl,Philippe Bonneau
88.03.24-364.96,1988-03-24,35,Female,0-38 Jeune,Gilles moulin et fils,Marie Breton
92.09.14-762.31,1992-09-14,31,Female,0-38 Jeune,Thibault sa,Chantal Benard
94.07.23-146.67,1994-07-23,29,Female,0-38 Jeune,Fabre,Geneviève Gaudin
72.07.06-911.67,1972-07-06,51,Male,47-113 Senior,Daniel,Capucine Fernandes
68.07.07-314.81,1968-07-07,55,Female,47-113 Senior,Perrier pires s a s,Alex Leconte
90.03.11-510.78,1990-03-11,34,Female,0-38 Jeune,Nicolas,Sébastien Sauvage
76.05.18-747.89,1976-05-18,47,Male,47-113 Senior,Charrier bouvet s a r l,Jacqueline Carpentier
87.06.22-576.52,1987-06-22,36,Female,0-38 Jeune,Samson,Thomas Guillon
77.01.28-356.98,1977-01-28,47,Female,47-113 Senior,Bonnet,Margaux Hamon
88.03.27-310.73,1988-03-27,35,Female,0-38 Jeune,Marion sarl,Christelle Louis
67.04.13-811.64,1967-04-13,56,Male,47-113 Senior,Lebreton,Jeanne Aubry
96.01.06-221.99,1996-01-06,28,Male,0-38 Jeune,Lecomte,Stéphane Lelièvre
89.02.19-542.16,1989-02-19,35,Female,0-38 Jeune,Etienne,Simone Briand
74.03.30-748.59,1974-03-30,49,Female,47-113 Senior,Marechal,Joséphine Bourdon
84.01.11-933.29,1984-01-11,40,Male,39-42 Adulte,Dupont delmas s a s,Monique Imbert
71.03.16-795.45,1971-03-16,52,Male,47-113 Senior,Faivre legendre sa,David Lebrun
67.02.11-431.04,1967-02-11,57,Male,47-113 Senior,Clement s a,Gérard Ferrand
89.08.02-110.44,1989-08-02,34,Female,0-38 Jeune,Lebreton s a s,Jean Perrot
97.05.11-266.30,1997-05-11,26,Female,0-38 Jeune,Guillet michel s a,Henriette Chauvin
98.12.25-419.16,1998-12-25,25,Male,0-38 Jeune,Blanc et fils,Grégoire Laine
75.10.19-449.88,1975-10-19,48,Male,47-113 Senior,Remy,Henri Gérard
88.02.22-963.43,1988-02-22,36,Male,0-38 Jeune,Gaillard lejeune et fils,Alice Pierre
80.12.26-744.12,1980-12-26,43,Female,43-46 À point,Aubry,Marc Giraud
86.02.01-447.98,1986-02-01,38,Male,0-38 Jeune,Guyot,Louis Gallet
55.09.20-271.69,1955-09-20,68,Male,47-113 Senior,Remy,Lorraine Blanchet
98.04.21-696.78,1998-04-21,25,Female,0-38 Jeune,Traore herve sarl,Alexandre Lefebvre
95.08.01-198.92,1995-08-01,28,Female,0-38 Jeune,Tanguy et fils,Eugène Renaud
51.03.12-639.42,1951-03-12,73,Male,47-113 Senior,Aubry,Benjamin Carre
99.02.08-246.06,1999-02-08,25,Female,0-38 Jeune,Germain s a,Alphonse Guillon
47.12.25-070.52,1947-12-25,76,Female,47-113 Senior,Diallo,Patrick Dumont
96.12.15-077.32,1996-12-15,27,Male,0-38 Jeune,Poirier,Isabelle Colin
71.10.12-773.54,1971-10-12,52,Male,47-113 Senior,Evrard,Daniel Lopez
85.06.09-008.85,1985-06-09,38,Female,0-38 Jeune,Herve sa,Marcel Marchand
71.11.04-693.51,1971-11-04,52,Male,47-113 Senior,Guyon sarl,Théophile Leconte
85.07.16-774.78,1985-07-16,38,Female,0-38 Jeune,Legrand,Franck Michaud
46.03.13-244.60,1946-03-13,78,Female,47-113 Senior,Lambert boucher sarl,Bertrand Delaunay
72.08.08-861.79,1972-08-08,51,Male,47-113 Senior,Meyer,Clémence Rossi
53.01.24-722.55,1953-01-24,71,Female,47-113 Senior,Jacquot de sousa s a s,Xavier Coste
84.05.03-519.67,1984-05-03,39,Male,39-42 Adulte,Masse,Adèle Roussel
63.01.03-495.65,1963-01-03,61,Male,47-113 Senior,Lebreton,Jacqueline Étienne
78.10.05-858.75,1978-10-05,45,Female,43-46 À point,David,Laetitia Gomes
88.08.10-300.91,1988-08-10,35,Female,0-38 Jeune,Menard leroux s a s,Julien Martins
51.01.07-491.97,1951-01-07,73,Male,47-113 Senior,Paris,Thibault Barthelemy
56.02.24-730.54,1956-02-24,68,Female,47-113 Senior,Collin s a,Pierre Reynaud
55.08.29-876.65,1955-08-29,68,Female,47-113 Senior,Lacombe,Xavier Pons
64.12.04-072.27,1964-12-04,59,Female,47-113 Senior,Michaud,Margaud Denis
74.06.14-585.10,1974-06-14,49,Male,47-113 Senior,Collin s a s,Daniel Lecoq
78.06.27-555.87,1978-06-27,45,Male,43-46 À point,Brunel,Éric Salmon
67.10.24-203.39,1967-10-24,56,Male,47-113 Senior,Merle,Augustin Rey
66.08.28-691.42,1966-08-28,57,Male,47-113 Senior,Roger,Maurice Paris
95.07.28-623.38,1995-07-28,28,Male,0-38 Jeune,Peron sa,Jacqueline Tanguy
53.11.15-744.91,1953-11-15,70,Female,47-113 Senior,Barbe,Richard Chauveau
65.06.10-721.86,1965-06-10,58,Male,47-113 Senior,Blin,Joseph Delaunay
55.08.02-749.85,1955-08-02,68,Male,47-113 Senior,Bonnet sauvage s a s,Dominique Delahaye
60.10.30-394.95,1960-10-30,63,Female,47-113 Senior,Bertin s a s,Émile Ferreira
81.10.04-516.70,1981-10-04,42,Female,39-42 Adulte,Francois sarl,Aimé Morin
76.05.18-347.68,1976-05-18,47,Male,47-113 Senior,Chretien,Léon Martins
89.09.17-755.68,1989-09-17,34,Male,0-38 Jeune,Pottier,Emmanuel Descamps
87.08.24-632.56,1987-08-24,36,Female,0-38 Jeune,Gonzalez,Christiane Lebrun
76.03.28-217.57,1976-03-28,47,Male,47-113 Senior,Caron,Margaux Courtois
53.01.19-889.18,1953-01-19,71,Male,47-113 Senior,Delahaye noel s a r l,Théophile Petitjean
78.08.29-211.95,1978-08-29,45,Male,43-46 À point,Pires,Émile Gérard
91.02.02-159.71,1991-02-02,33,Male,0-38 Jeune,Schmitt,Joseph Robin
98.06.24-888.23,1998-06-24,25,Female,0-38 Jeune,Guillou,Matthieu Leroux
69.09.09-848.33,1969-09-09,54,Female,47-113 Senior,Guibert s a s,Charles Richard
55.06.13-473.55,1955-06-13,68,Male,47-113 Senior,Michaud,Michelle Lucas
95.12.17-082.73,1995-12-17,28,Female,0-38 Jeune,Guillou,Sébastien Morvan
49.08.18-773.28,1949-08-18,74,Male,47-113 Senior,Vincent,Nicolas Mendès
46.06.04-911.58,1946-06-04,77,Male,47-113 Senior,Marin s a,Claudine Fournier
56.08.16-889.09,1956-08-16,67,Male,47-113 Senior,Delattre s a r l,Antoinette Evrard
93.06.13-651.58,1993-06-13,30,Male,0-38 Jeune,Seguin,Sylvie Gimenez
92.04.03-525.45,1992-04-03,31,Male,0-38 Jeune,Lefevre s a s,Odette Simon
65.04.27-410.96,1965-04-27,58,Female,47-113 Senior,Monnier,Camille Huet
83.12.25-359.97,1983-12-25,40,Male,39-42 Adulte,David diaz sarl,Corinne Dupré
57.06.17-362.36,1957-06-17,66,Female,47-113 Senior,Renault,Isabelle Caron
63.08.05-360.70,1963-08-05,60,Female,47-113 Senior,Antoine paul s a r l,Hortense Boutin
86.04.18-883.00,1986-04-18,37,Male,0-38 Jeune,Dumont traore sarl,Cécile Dumas
86.06.27-655.60,1986-06-27,37,Male,0-38 Jeune,Andre fournier s a s,Rémy Baron
56.02.07-639.46,1956-02-07,68,Male,47-113 Senior,Gallet et fils,Odette Blanchard
56.09.16-914.59,1956-09-16,67,Female,47-113 Senior,Dupre,Robert Meyer
53.01.18-670.51,1953-01-18,71,Female,47-113 Senior,Duval sarl,Jeannine Pierre
87.09.18-618.08,1987-09-18,36,Female,0-38 Jeune,Bouchet,Paulette Diaz
96.12.11-068.64,1996-12-11,27,Female,0-38 Jeune,Pages s a,Émilie Lagarde
50.05.19-368.64,1950-05-19,73,Female,47-113 Senior,Bonnin,Monique Huet
66.01.07-125.47,1966-01-07,58,Male,47-113 Senior,Turpin,Valentine Blanc
72.12.06-101.54,1972-12-06,51,Male,47-113 Senior,Letellier,Susanne Guillet
77.05.04-208.13,1977-05-04,46,Female,43-46 À point,Remy delaunay s a r l,Richard Traore
48.05.04-451.73,1948-05-04,75,Male,47-113 Senior,Leblanc,Jérôme Regnier
67.02.02-280.00,1967-02-02,57,Female,47-113 Senior,Peltier collet sa,Laurent Michel
93.02.24-661.11,1993-02-24,31,Male,0-38 Jeune,Gros,Christine Lesage
51.09.01-913.81,1951-09-01,72,Male,47-113 Senior,Guibert,Susanne Huet
49.10.01-002.53,1949-10-01,74,Female,47-113 Senior,Bertin,Célina Boyer
69.08.17-591.14,1969-08-17,54,Male,47-113 Senior,Marie chevallier s a r l,Isabelle Thibault
81.03.24-921.51,1981-03-24,42,Male,39-42 Adulte,Maillot,Inès Rocher
59.06.16-462.03,1959-06-16,64,Female,47-113 Senior,Boutin s a,Astrid Hardy
91.08.23-483.45,1991-08-23,32,Male,0-38 Jeune,Fournier,Virginie Roussel
65.03.30-987.85,1965-03-30,58,Male,47-113 Senior,Besson,Franck Besnard
73.02.01-937.42,1973-02-01,51,Male,47-113 Senior,Martinez,Henri Bouvet
50.03.14-544.11,1950-03-14,74,Female,47-113 Senior,Berger,Constance Gimenez
59.04.17-173.96,1959-04-17,64,Male,47-113 Senior,Julien,Louise Prévost
50.09.29-329.90,1950-09-29,73,Male,47-113 Senior,Besnard mercier s a s,Marguerite Durand
75.01.15-466.94,1975-01-15,49,Female,47-113 Senior,Ledoux besson sarl,Marianne Weiss
61.01.15-566.28,1961-01-15,63,Female,47-113 Senior,Guyot leroy sarl,Laetitia Pereira
69.09.03-338.61,1969-09-03,54,Female,47-113 Senior,Vallet s a,Léon Lebon
72.11.02-112.01,1972-11-02,51,Female,47-113 Senior,Voisin herve sarl,Valentine Baron
64.09.28-714.20,1964-09-28,59,Female,47-113 Senior,Bonneau,Thibault Perrot
96.01.27-288.72,1996-01-27,28,Female,0-38 Jeune,Paris s a r l,Jules Michel
96.08.27-599.48,1996-08-27,27,Male,0-38 Jeune,Hebert le roux sa,Audrey Alves
60.11.13-849.93,1960-11-13,63,Male,47-113 Senior,Jean,Jeannine De Oliveira
55.05.22-667.19,1955-05-22,68,Male,47-113 Senior,Bertin,Claire Fernandez
70.06.16-294.11,1970-06-16,53,Female,47-113 Senior,Leroux julien et fils,Alain Chauvet
67.12.08-841.38,1967-12-08,56,Male,47-113 Senior,Poirier s a,Sébastien Carre
95.04.07-206.03,1995-04-07,28,Female,0-38 Jeune,Roy hernandez sarl,Yves Vidal
84.07.06-274.72,1984-07-06,39,Female,39-42 Adulte,Benard,Tristan Rodrigues
76.04.27-881.66,1976-04-27,47,Male,47-113 Senior,Couturier,Paul Berger
89.04.02-239.96,1989-04-02,34,Male,0-38 Jeune,Deschamps,Antoinette Colin
76.04.17-664.13,1976-04-17,47,Female,47-113 Senior,Guyon et fils,Valentine Lefebvre
73.04.21-882.71,1973-04-21,50,Female,47-113 Senior,Marie,Nicolas Leduc
96.11.14-974.01,1996-11-14,27,Female,0-38 Jeune,Sauvage leroux et fils,Frédérique Vallet
82.04.07-776.46,1982-04-07,41,Female,39-42 Adulte,Besnard gilbert s a s,Alexandrie Vallet
60.01.06-600.02,1960-01-06,64,Female,47-113 Senior,Petit,Isaac Dupuy
88.07.17-647.12,1988-07-17,35,Male,0-38 Jeune,Bodin,Valérie Mary
76.10.21-305.90,1976-10-21,47,Male,47-113 Senior,Brunet julien s a r l,Marcelle Picard
79.07.14-057.38,1979-07-14,44,Male,43-46 À point,Charrier,Thérèse Roger
65.12.14-443.75,1965-12-14,58,Male,47-113 Senior,Garcia martel s a,Bernard Parent
78.12.02-605.99,1978-12-02,45,Male,43-46 À point,Martins salmon s a r l,Odette Fernandez
50.02.17-090.68,1950-02-17,74,Female,47-113 Senior,Arnaud,Laetitia Laroche
86.05.30-265.02,1986-05-30,37,Male,0-38 Jeune,Lebreton,Marie Bonnin
65.02.06-994.23,1965-02-06,59,Female,47-113 Senior,Barthelemy s a,Marine Chauveau
72.03.22-163.95,1972-03-22,51,Male,47-113 Senior,Fleury briand s a s,Roger Chauvet
73.09.23-248.16,1973-09-23,50,Female,47-113 Senior,Valentin weber et fils,Adèle Loiseau
75.07.02-545.64,1975-07-02,48,Male,47-113 Senior,Pinto sarl,Alain Jacquet
66.05.19-703.07,1966-05-19,57,Male,47-113 Senior,Chevalier pinto s a s,Clémence Boulanger
91.10.21-746.39,1991-10-21,32,Female,0-38 Jeune,Delaunay,Luce Da Silva
60.05.05-903.72,1960-05-05,63,Male,47-113 Senior,Langlois,André Fontaine
68.01.14-318.66,1968-01-14,56,Female,47-113 Senior,Masson meyer s a,Sébastien Roy
49.10.10-608.83,1949-10-10,74,Female,47-113 Senior,Guerin,Hugues Valette
62.04.19-614.23,1962-04-19,61,Female,47-113 Senior,Maillot s a s,Charlotte Brun
48.12.06-353.78,1948-12-06,75,Male,47-113 Senior,Henry s a r l,Audrey Nguyen
78.05.12-609.01,1978-05-12,45,Male,43-46 À point,Caron,Philippe Lacombe
88.03.26-863.09,1988-03-26,35,Male,0-38 Jeune,Pages,Émilie Barre
93.04.21-908.32,1993-04-21,30,Female,0-38 Jeune,Maillot guichard s a,Virginie Raymond
97.10.23-044.88,1997-10-23,26,Female,0-38 Jeune,Jacquot,Zoé Roy
93.05.05-525.51,1993-05-05,30,Male,0-38 Jeune,Meunier,Camille Schmitt
87.04.28-123.80,1987-04-28,36,Male,0-38 Jeune,Lemoine,Maryse Vasseur
63.08.24-050.87,1963-08-24,60,Female,47-113 Senior,Guilbert sa,Adèle Hoareau
56.10.01-991.38,1956-10-01,67,Male,47-113 Senior,Carre,Victoire Duhamel
65.09.07-058.21,1965-09-07,58,Female,47-113 Senior,Sauvage s a s,Alexandrie Didier
61.05.30-796.08,1961-05-30,62,Female,47-113 Senior,Brunel,Monique Mendès
78.01.07-375.33,1978-01-07,46,Male,43-46 À point,Allard s a,Augustin Marion
64.10.16-011.96,1964-10-16,59,Male,47-113 Senior,Pons,Guillaume Caron
62.12.11-524.49,1962-12-11,61,Female,47-113 Senior,Jacques,Patricia Coulon
60.10.16-337.75,1960-10-16,63,Male,47-113 Senior,Laine regnier s a r l,Élise Gilles
56.03.13-482.64,1956-03-13,68,Female,47-113 Senior,Wagner,Sophie Guyon
50.12.29-355.13,1950-12-29,73,Male,47-113 Senior,Chauvin gosselin s a r l,Jacques Salmon
96.03.28-303.15,1996-03-28,27,Male,0-38 Jeune,Schmitt,Michel Baron
50.06.12-216.81,1950-06-12,73,Female,47-113 Senior,Dupuis gilles s a,Céline Allard
60.03.10-495.79,1960-03-10,64,Male,47-113 Senior,Martinez,Dorothée Martin
56.09.19-513.03,1956-09-19,67,Male,47-113 Senior,Lombard,Daniel Allain
68.01.14-826.78,1968-01-14,56,Female,47-113 Senior,Fouquet gomes s a r l,Brigitte Bonnet
46.07.26-488.71,1946-07-26,77,Female,47-113 Senior,Bousquet,Aurélie Delmas
56.08.03-085.72,1956-08-03,67,Male,47-113 Senior,Guillaume et fils,Éléonore Rossi
58.02.04-828.94,1958-02-04,66,Female,47-113 Senior,Le roux vasseur s a s,Suzanne Roy
57.05.27-545.24,1957-05-27,66,Male,47-113 Senior,Fischer lacombe sarl,Margaux Coulon
86.07.30-981.15,1986-07-30,37,Male,0-38 Jeune,Grenier,Bernadette Lecomte
82.04.22-708.68,1982-04-22,41,Female,39-42 Adulte,Perrin,Claire Legendre
56.07.23-287.48,1956-07-23,67,Male,47-113 Senior,Fleury,Théodore Dijoux
57.03.05-635.24,1957-03-05,67,Male,47-113 Senior,Lejeune,Isabelle Da Costa
96.02.24-771.28,1996-02-24,28,Male,0-38 Jeune,Guillou,Augustin Seguin
75.03.07-862.79,1975-03-07,49,Female,47-113 Senior,Sauvage marques sarl,Jean Lemaître
62.04.25-313.34,1962-04-25,61,Male,47-113 Senior,Royer,Dorothée Hamon
88.05.03-101.37,1988-05-03,35,Male,0-38 Jeune,Fernandez s a s,Catherine Sanchez
79.06.08-354.24,1979-06-08,44,Female,43-46 À point,Brun leclerc s a r l,Jeannine Duhamel
62.10.13-848.06,1962-10-13,61,Female,47-113 Senior,Paris sarl,René Perrier
67.10.19-214.48,1967-10-19,56,Female,47-113 Senior,Diaz,Susanne Duval
64.05.16-695.75,1964-05-16,59,Male,47-113 Senior,Texier vincent s a r l,Pierre Schneider
96.09.11-300.43,1996-09-11,27,Female,0-38 Jeune,Barbe sa,Philippe Marques
48.05.05-372.42,1948-05-05,75,Female,47-113 Senior,Letellier,Frédéric Caron
66.10.11-460.29,1966-10-11,57,Female,47-113 Senior,Delannoy rodriguez sarl,Dorothée Mace
92.03.26-545.65,1992-03-26,31,Male,0-38 Jeune,Delorme sa,Olivie Dumont
73.12.29-857.85,1973-12-29,50,Male,47-113 Senior,Vaillant,Franck Bousquet
57.01.03-081.06,1957-01-03,67,Male,47-113 Senior,Bernard brunet s a r l,Simone Gilbert
48.09.23-574.07,1948-09-23,75,Female,47-113 Senior,Jean,Susan Leconte
74.03.01-251.00,1974-03-01,50,Male,47-113 Senior,Pierre,Édith Munoz
77.11.12-910.76,1977-11-12,46,Female,43-46 À point,Lebon paris sarl,Renée Gosselin
93.03.27-975.18,1993-03-27,30,Male,0-38 Jeune,Delorme s a,Geneviève Guillot
75.03.16-043.64,1975-03-16,48,Male,47-113 Senior,Fouquet,Théophile Fernandes
52.12.20-865.10,1952-12-20,71,Male,47-113 Senior,Charles,Roland Lefèvre
80.07.08-220.10,1980-07-08,43,Female,43-46 À point,Colin,Véronique Collet
55.03.05-491.95,1955-03-05,69,Male,47-113 Senior,Vallet et fils,Eugène Lesage
73.09.29-148.45,1973-09-29,50,Female,47-113 Senior,Gomes et fils,Aimé Guérin
98.04.30-989.71,1998-04-30,25,Male,0-38 Jeune,Dijoux girard s a r l,Emmanuel Étienne
83.12.25-651.13,1983-12-25,40,Male,39-42 Adulte,Blin s a s,Josette Laporte
91.06.02-561.71,1991-06-02,32,Male,0-38 Jeune,Barbier maillet s a s,Audrey Lebrun
80.07.22-581.84,1980-07-22,43,Male,43-46 À point,Remy,Stéphane Boucher
76.05.30-939.79,1976-05-30,47,Male,47-113 Senior,Vaillant guillaume s a,Odette Benard
90.07.25-981.20,1990-07-25,33,Male,0-38 Jeune,Masse,Sylvie Guérin
72.10.20-906.31,1972-10-20,51,Female,47-113 Senior,Vasseur delattre sa,Rémy Lefebvre
97.06.14-079.48,1997-06-14,26,Male,0-38 Jeune,Deschamps,Sabine Allain
71.12.12-813.22,1971-12-12,52,Male,47-113 Senior,Poulain sarl,Manon Benard
69.03.14-432.10,1969-03-14,55,Female,47-113 Senior,Masse,Arnaude Dias
98.08.01-018.73,1998-08-01,25,Female,0-38 Jeune,Joseph sa,Thérèse Tanguy
87.06.08-984.02,1987-06-08,36,Female,0-38 Jeune,Coste rossi s a r l,Juliette Rousset
87.04.15-347.30,1987-04-15,36,Male,0-38 Jeune,Gay,Mathilde Leleu
93.01.12-005.93,1993-01-12,31,Male,0-38 Jeune,Benoit,Charles Klein
53.01.18-808.61,1953-01-18,71,Female,47-113 Senior,Legrand,Michelle Julien
58.08.27-753.57,1958-08-27,65,Male,47-113 Senior,Salmon,Guy Le Roux
60.03.14-742.52,1960-03-14,63,Female,47-113 Senior,Marie s a s,Eugène Collet
67.08.09-877.46,1967-08-09,56,Male,47-113 Senior,Adam guyot s a s,Claire Bernard
70.03.20-780.34,1970-03-20,53,Female,47-113 Senior,Hardy durand s a r l,Xavier Martin
82.09.20-777.46,1982-09-20,41,Male,39-42 Adulte,Gonzalez,Louis Roy
70.12.11-895.85,1970-12-11,53,Male,47-113 Senior,Thomas,Théophile Jacquet
89.01.22-609.85,1989-01-22,35,Male,0-38 Jeune,Deschamps,Jacques Dupont
74.10.20-087.11,1974-10-20,49,Male,47-113 Senior,Remy,Maggie Laine
64.12.12-671.17,1964-12-12,59,Male,47-113 Senior,Schmitt s a,Françoise Brunel
93.01.05-205.37,1993-01-05,31,Male,0-38 Jeune,Lebon,Thibault Duhamel
76.12.14-451.77,1976-12-14,47,Male,47-113 Senior,Barbier,Diane Pottier
66.01.01-662.03,1966-01-01,58,Female,47-113 Senior,Auger,Aurélie Ferreira
74.10.12-054.30,1974-10-12,49,Female,47-113 Senior,Vaillant sarl,Marthe Auger
57.07.06-204.69,1957-07-06,66,Female,47-113 Senior,Lamy riviere sa,Olivie Grégoire
47.10.30-058.22,1947-10-30,76,Female,47-113 Senior,Riou,Marine Marion
72.12.03-367.06,1972-12-03,51,Male,47-113 Senior,Roux prevost sarl,Michelle Laurent
90.09.29-685.13,1990-09-29,33,Male,0-38 Jeune,Maillet,Patricia Meunier
52.10.04-849.23,1952-10-04,71,Male,47-113 Senior,Torres dupuy et fils,Alexandrie Pascal
47.08.14-878.30,1947-08-14,76,Female,47-113 Senior,Delahaye,Édouard Schmitt
87.12.23-508.44,1987-12-23,36,Female,0-38 Jeune,Gilbert,Thibault Lacroix
50.04.07-852.73,1950-04-07,73,Female,47-113 Senior,Ledoux lemaire sarl,Alice Hubert
49.07.02-628.42,1949-07-02,74,Female,47-113 Senior,Morin,Adrienne Perrot
55.08.14-733.14,1955-08-14,68,Male,47-113 Senior,De sousa s a,Astrid Besnard
75.10.09-540.89,1975-10-09,48,Female,47-113 Senior,Payet,Eugène Bonnet
47.10.20-467.33,1947-10-20,76,Male,47-113 Senior,Chevallier s a,Margaret Guyon
84.07.30-270.74,1984-07-30,39,Female,39-42 Adulte,Gautier s a s,Lucie Ruiz
53.11.20-332.35,1953-11-20,70,Female,47-113 Senior,Fontaine texier sarl,Hugues Jourdan
61.03.31-047.31,1961-03-31,62,Male,47-113 Senior,Bourgeois,Joséphine Aubert
80.01.25-822.98,1980-01-25,44,Female,43-46 À point,Gillet,Hortense Garnier
47.03.30-401.94,1947-03-30,76,Male,47-113 Senior,Carlier lopez s a s,Arthur Martinez
57.08.23-066.38,1957-08-23,66,Female,47-113 Senior,Carre,Marc Joubert
90.10.23-430.03,1990-10-23,33,Female,0-38 Jeune,Martinez delannoy s a,Georges Pruvost
48.12.07-388.82,1948-12-07,75,Female,47-113 Senior,Lopez charrier s a r l,Yves Benard
68.10.24-708.17,1968-10-24,55,Female,47-113 Senior,Gimenez garnier sarl,Grégoire Bodin
67.04.06-657.52,1967-04-06,56,Male,47-113 Senior,Sauvage et fils,Valérie Fontaine
67.02.13-399.96,1967-02-13,57,Male,47-113 Senior,Mary,Philippine Adam
97.06.20-690.06,1997-06-20,26,Female,0-38 Jeune,Philippe,Christophe Fischer
50.10.23-954.81,1950-10-23,73,Female,47-113 Senior,Bourgeois,Alphonse Caron
98.10.28-799.61,1998-10-28,25,Male,0-38 Jeune,Munoz s a s,Laure Chrétien
96.03.11-408.67,1996-03-11,28,Female,0-38 Jeune,Chauvet,Émilie Le Gall
95.05.19-619.69,1995-05-19,28,Male,0-38 Jeune,Bouvet s a,Patrick Da Costa
61.04.28-866.23,1961-04-28,62,Female,47-113 Senior,Guillaume s a s,Sophie Guillaume
71.04.28-470.50,1971-04-28,52,Female,47-113 Senior,Royer s a,Claudine Blondel
98.01.24-625.79,1998-01-24,26,Male,0-38 Jeune,Blanchet caron s a r l,Nath Renard
64.02.18-443.47,1964-02-18,60,Male,47-113 Senior,Lebreton brunet sa,Anouk Bonnet
57.02.11-617.71,1957-02-11,67,Male,47-113 Senior,Hernandez sa,Théophile Benoit
61.11.13-846.80,1961-11-13,62,Female,47-113 Senior,Fernandez pineau sarl,Aurore Bigot
59.01.21-428.66,1959-01-21,65,Female,47-113 Senior,Andre,Gabrielle Lecomte
91.04.04-936.43,1991-04-04,32,Female,0-38 Jeune,Faivre s a s,Hortense Berger
97.06.07-311.34,1997-06-07,26,Male,0-38 Jeune,Robert,Alain Boyer
50.08.13-191.30,1950-08-13,73,Male,47-113 Senior,Martineau,Pauline Carpentier
68.05.13-579.03,1968-05-13,55,Male,47-113 Senior,Gillet sarl,Marc Vidal
92.12.09-812.21,1992-12-09,31,Female,0-38 Jeune,Fabre maurice sarl,Michelle Diallo
88.02.06-908.64,1988-02-06,36,Female,0-38 Jeune,Thomas chauvin et fils,Maggie Roche
64.11.27-825.01,1964-11-27,59,Male,47-113 Senior,Vincent herve sa,Céline Gonzalez
89.01.23-994.55,1989-01-23,35,Female,0-38 Jeune,Louis poirier s a r l,Benoît Hebert
46.03.03-458.05,1946-03-03,78,Female,47-113 Senior,Bigot,Françoise Daniel
65.04.07-969.77,1965-04-07,58,Male,47-113 Senior,Pierre,Simone Rémy
86.02.26-776.83,1986-02-26,38,Female,0-38 Jeune,Leblanc gerard sa,Sylvie Launay
63.01.11-063.38,1963-01-11,61,Male,47-113 Senior,Toussaint boulanger s a,Susan Lagarde
69.06.19-606.75,1969-06-19,54,Female,47-113 Senior,Collin,Margot Guillaume
63.05.29-036.63,1963-05-29,60,Female,47-113 Senior,Masson sarl,Christelle Techer
56.01.02-039.88,1956-01-02,68,Male,47-113 Senior,Barbe,Manon Boutin
64.02.03-872.33,1964-02-03,60,Female,47-113 Senior,Millet,Corinne Le Roux
79.09.26-990.43,1979-09-26,44,Female,43-46 À point,Guillon guillet sa,Adrien Raymond
56.03.23-028.41,1956-03-23,67,Female,47-113 Senior,Martineau sa,Paulette Launay
59.05.04-150.96,1959-05-04,64,Female,47-113 Senior,Poirier s a,Patrick Texier
82.09.21-368.76,1982-09-21,41,Female,39-42 Adulte,Gillet vallee sa,Olivie Maillet
48.06.13-647.55,1948-06-13,75,Male,47-113 Senior,Muller,Andrée Muller
62.03.29-326.27,1962-03-29,61,Female,47-113 Senior,Traore launay s a s,Laure Delmas
93.02.01-657.35,1993-02-01,31,Male,0-38 Jeune,Raynaud vasseur s a s,Laetitia Dupuis
53.03.29-292.75,1953-03-29,70,Female,47-113 Senior,Berger,Paul Fabre
49.12.21-405.79,1949-12-21,74,Male,47-113 Senior,Delannoy et fils,Bernard Joubert
52.02.13-900.92,1952-02-13,72,Female,47-113 Senior,Hoareau,Susanne Ribeiro
77.09.22-462.20,1977-09-22,46,Female,43-46 À point,Dupuis,Michel Regnier
56.01.07-232.09,1956-01-07,68,Female,47-113 Senior,Bodin,Élodie Cohen
83.10.21-367.21,1983-10-21,40,Male,39-42 Adulte,Simon,Christiane Bonneau
89.05.24-999.23,1989-05-24,34,Male,0-38 Jeune,Remy,Claudine Ollivier
56.05.23-149.76,1956-05-23,67,Male,47-113 Senior,Legros,Philippe Lebon
81.05.27-634.25,1981-05-27,42,Female,39-42 Adulte,Le gall,Joséphine Morin
65.11.17-480.85,1965-11-17,58,Female,47-113 Senior,Gregoire s a,Augustin Morin
55.05.19-287.06,1955-05-19,68,Male,47-113 Senior,Jourdan,Luce Ledoux
97.02.10-956.19,1997-02-10,27,Female,0-38 Jeune,Gosselin leleu s a s,Luc Moulin
95.08.08-021.58,1995-08-08,28,Male,0-38 Jeune,Laporte,Stéphanie Rey
65.02.20-626.65,1965-02-20,59,Female,47-113 Senior,Philippe ledoux sa,Jean Bourdon
49.03.12-369.94,1949-03-12,75,Male,47-113 Senior,Leleu,Bernadette Launay
70.05.05-910.04,1970-05-05,53,Female,47-113 Senior,Chauvet,Daniel Riou
95.06.03-458.77,1995-06-03,28,Female,0-38 Jeune,Pinto lecoq et fils,Édith Chartier
85.01.21-239.62,1985-01-21,39,Male,39-42 Adulte,Martin lelievre s a,Catherine Ruiz
52.08.26-301.62,1952-08-26,71,Male,47-113 Senior,De sousa lacombe s a s,Roland Payet
57.09.23-054.87,1957-09-23,66,Female,47-113 Senior,Hebert peltier s a r l,Diane Barbier
48.12.05-218.62,1948-12-05,75,Female,47-113 Senior,Munoz sarl,Aimé Boulanger
75.06.02-840.66,1975-06-02,48,Female,47-113 Senior,Roussel fischer sa,Gilles Rousseau
49.08.07-900.22,1949-08-07,74,Female,47-113 Senior,Pottier,Simone Pelletier
95.11.27-427.29,1995-11-27,28,Male,0-38 Jeune,Torres blondel sarl,Josette Garcia
83.04.13-123.67,1983-04-13,40,Male,39-42 Adulte,Besson,Danielle Nicolas
65.03.24-422.22,1965-03-24,58,Female,47-113 Senior,Lefebvre et fils,Bernadette Alves
66.09.04-455.14,1966-09-04,57,Male,47-113 Senior,Barbe,Gilbert Guillon
91.05.19-870.95,1991-05-19,32,Female,0-38 Jeune,Pichon,Anne Fabre
83.02.25-165.89,1983-02-25,41,Male,39-42 Adulte,Lefevre s a r l,Zacharie Guérin
65.06.12-170.62,1965-06-12,58,Female,47-113 Senior,Grenier schmitt s a r l,Andrée Mathieu
85.08.17-423.28,1985-08-17,38,Male,0-38 Jeune,Guillon albert s a r l,Paulette Perrier
82.01.03-647.86,1982-01-03,42,Male,39-42 Adulte,Dumas,Isabelle Valette
77.04.11-555.79,1977-04-11,46,Male,43-46 À point,Bouvier,Amélie Leclerc
90.10.11-297.14,1990-10-11,33,Male,0-38 Jeune,Barthelemy,Mathilde Bonnin
83.03.04-855.86,1983-03-04,41,Male,39-42 Adulte,Perrot s a s,David Neveu
70.09.06-636.10,1970-09-06,53,Female,47-113 Senior,Bonneau,Brigitte De Oliveira
72.01.03-168.95,1972-01-03,52,Female,47-113 Senior,Ferrand,Patrick Costa
69.09.18-619.47,1969-09-18,54,Male,47-113 Senior,Bailly,Anaïs Renard
60.11.09-038.39,1960-11-09,63,Female,47-113 Senior,Delaunay,Philippe Bousquet
59.10.15-451.50,1959-10-15,64,Male,47-113 Senior,Le roux,Amélie Pasquier
73.09.14-538.80,1973-09-14,50,Female,47-113 Senior,Cousin,Thérèse Gros
71.06.30-565.10,1971-06-30,52,Male,47-113 Senior,Brunel,Stéphanie Moreno
49.09.14-631.43,1949-09-14,74,Male,47-113 Senior,Colin sa,Marie Foucher
63.12.01-362.45,1963-12-01,60,Female,47-113 Senior,Caron lacombe s a,Xavier Humbert
46.09.30-135.15,1946-09-30,77,Male,47-113 Senior,Petitjean,Christiane Marques
76.04.25-529.37,1976-04-25,47,Male,47-113 Senior,Le gall,Sabine Lemaître
97.04.26-262.76,1997-04-26,26,Female,0-38 Jeune,Laine michel sa,Laetitia Briand
78.01.28-119.62,1978-01-28,46,Male,43-46 À point,Leclerc,Édouard Jacquot
59.02.20-406.58,1959-02-20,65,Female,47-113 Senior,Allard,Danielle Hoareau
58.06.27-067.51,1958-06-27,65,Male,47-113 Senior,Techer,Aurore Brunel
58.03.07-937.44,1958-03-07,66,Male,47-113 Senior,Renaud,Christiane Potier
90.12.27-432.85,1990-12-27,33,Female,0-38 Jeune,Vasseur,David Auger
56.03.06-736.47,1956-03-06,68,Female,47-113 Senior,Antoine et fils,Océane Delahaye
79.03.10-801.13,1979-03-10,45,Male,43-46 À point,Maillet s a r l,Aimé Lefebvre
89.11.04-709.75,1989-11-04,34,Male,0-38 Jeune,Meyer,Isabelle Coste
92.02.04-028.84,1992-02-04,32,Female,0-38 Jeune,Chauvet,Patrick Moulin
57.05.14-453.13,1957-05-14,66,Male,47-113 Senior,Garcia et fils,Océane Bruneau
83.12.17-292.39,1983-12-17,40,Female,39-42 Adulte,Lenoir et fils,Éléonore Techer
84.03.24-625.94,1984-03-24,39,Male,39-42 Adulte,Menard,Laetitia Hardy
54.09.02-625.85,1954-09-02,69,Male,47-113 Senior,Mercier clement s a r l,Christiane Marin
86.02.07-281.60,1986-02-07,38,Male,0-38 Jeune,Delaunay sa,Alice Chartier
55.09.10-863.71,1955-09-10,68,Male,47-113 Senior,Rodriguez tessier sa,Catherine Bertin
75.05.31-785.98,1975-05-31,48,Male,47-113 Senior,Renault,Virginie Bouchet
70.11.24-317.66,1970-11-24,53,Male,47-113 Senior,Perrier et fils,Laurence Bonnin
58.05.20-297.72,1958-05-20,65,Male,47-113 Senior,Cohen marion sarl,Marianne Merle
57.07.22-473.57,1957-07-22,66,Male,47-113 Senior,Millet,Nathalie Fournier
48.11.20-607.60,1948-11-20,75,Male,47-113 Senior,Guyot besson s a s,Françoise Thibault
72.01.12-851.61,1972-01-12,52,Male,47-113 Senior,Normand,Maggie Dias
75.12.30-279.93,1975-12-30,48,Male,47-113 Senior,Martineau,Frédérique Hebert
49.10.09-537.34,1949-10-09,74,Male,47-113 Senior,Collin,Raymond Reynaud
48.05.27-765.72,1948-05-27,75,Male,47-113 Senior,Collin,Aimée Letellier
97.11.21-666.96,1997-11-21,26,Female,0-38 Jeune,Bouvet,Noémi Dupont
50.06.24-597.47,1950-06-24,73,Male,47-113 Senior,Prevost et fils,Thibault Reynaud
90.01.24-933.15,1990-01-24,34,Male,0-38 Jeune,Faivre,Dominique Lefort
50.08.29-168.74,1950-08-29,73,Female,47-113 Senior,Paris,Alice Paul
85.05.21-559.12,1985-05-21,38,Male,0-38 Jeune,Vaillant,Eugène Cordier
75.11.20-966.73,1975-11-20,48,Female,47-113 Senior,Pascal s a,David Arnaud
49.02.02-943.50,1949-02-02,75,Male,47-113 Senior,Begue,Olivier Seguin
65.03.30-901.07,1965-03-30,58,Male,47-113 Senior,Turpin dias sarl,Denis Gilles
48.10.29-541.06,1948-10-29,75,Male,47-113 Senior,Collet,Corinne Schmitt
57.04.19-151.59,1957-04-19,66,Male,47-113 Senior,Hoarau,Guillaume Renault
66.02.10-529.18,1966-02-10,58,Male,47-113 Senior,Barbier,Marcel Gros
83.03.26-808.50,1983-03-26,40,Female,39-42 Adulte,Blanchard couturier et fils,Colette Lévêque
83.05.18-693.11,1983-05-18,40,Male,39-42 Adulte,Valentin,Andrée Bigot
93.02.11-354.19,1993-02-11,31,Female,0-38 Jeune,Dupuy,Alice Legendre
51.04.09-352.34,1951-04-09,72,Female,47-113 Senior,Hoareau,Christophe Laine
75.11.04-950.43,1975-11-04,48,Female,47-113 Senior,Thierry,Margot Joubert
86.08.06-095.40,1986-08-06,37,Male,0-38 Jeune,Charpentier et fils,Xavier Besson
78.02.01-402.82,1978-02-01,46,Female,43-46 À point,Martins s a s,Denis Hernandez
58.10.21-478.77,1958-10-21,65,Female,47-113 Senior,Evrard robin s a,Michel Le Goff
72.04.19-102.60,1972-04-19,51,Female,47-113 Senior,Leger,Émile Dupont
78.11.26-059.39,1978-11-26,45,Male,43-46 À point,Da silva s a s,Matthieu Lebon
51.12.23-055.94,1951-12-23,72,Male,47-113 Senior,Boutin,Suzanne Girard
86.09.18-106.00,1986-09-18,37,Female,0-38 Jeune,Allain wagner sarl,Nicolas Navarro
74.03.02-215.57,1974-03-02,50,Male,47-113 Senior,Bazin,Camille Benoit
93.02.17-403.81,1993-02-17,31,Male,0-38 Jeune,Michel,Nath David
92.08.19-284.55,1992-08-19,31,Female,0-38 Jeune,Lacombe s a s,Élodie Jacquet
54.04.30-387.41,1954-04-30,69,Male,47-113 Senior,Lucas,Jacques Chevalier
90.06.10-317.08,1990-06-10,33,Male,0-38 Jeune,De sousa vasseur sa,Alphonse Lebrun
80.08.07-302.59,1980-08-07,43,Female,43-46 À point,Gimenez,Nath Rousset
86.05.10-946.65,1986-05-10,37,Female,0-38 Jeune,Renaud,Aurélie Fischer
88.08.05-278.02,1988-08-05,35,Female,0-38 Jeune,Raymond,Céline Leblanc
72.07.18-828.02,1972-07-18,51,Female,47-113 Senior,Herve,Patricia Vaillant
90.06.01-372.08,1990-06-01,33,Female,0-38 Jeune,Morel s a s,Susanne Pelletier
52.06.19-976.55,1952-06-19,71,Female,47-113 Senior,Couturier,Olivier Munoz
53.09.24-846.81,1953-09-24,70,Female,47-113 Senior,Delahaye descamps s a r l,Odette Pires
86.07.12-703.68,1986-07-12,37,Male,0-38 Jeune,Briand techer sarl,Martine Morvan
72.01.24-480.38,1972-01-24,52,Female,47-113 Senior,Delannoy,Julien Maillot
80.11.15-992.50,1980-11-15,43,Female,43-46 À point,Levy mendes sarl,Jérôme Huet
82.03.04-417.12,1982-03-04,42,Male,39-42 Adulte,Chartier,Joséphine Hoareau
60.10.23-283.51,1960-10-23,63,Male,47-113 Senior,Valentin,Hélène Lopes
76.09.15-387.99,1976-09-15,47,Male,47-113 Senior,Chretien tanguy sarl,Thibault Texier
54.03.15-935.61,1954-03-15,69,Male,47-113 Senior,Reynaud,Auguste Brun
59.12.04-722.96,1959-12-04,64,Female,47-113 Senior,Roger,Adrien Gimenez
89.02.13-599.63,1989-02-13,35,Male,0-38 Jeune,Laroche,Inès Rousset
96.10.31-567.38,1996-10-31,27,Male,0-38 Jeune,Salmon durand s a r l,Anouk Leclerc
91.11.11-173.47,1991-11-11,32,Male,0-38 Jeune,Guibert klein sarl,Antoine Le Goff
69.06.26-889.49,1969-06-26,54,Male,47-113 Senior,Herve s a s,Raymond Thibault
79.06.09-631.11,1979-06-09,44,Male,43-46 À point,Rousseau s a,Élisabeth Boulanger
55.08.17-577.75,1955-08-17,68,Male,47-113 Senior,Francois,Marc Tessier
81.07.26-901.92,1981-07-26,42,Male,39-42 Adulte,Courtois s a s,Christiane Parent
75.09.14-116.03,1975-09-14,48,Female,47-113 Senior,Texier gonzalez s a r l,Marianne Delaunay
97.02.15-213.26,1997-02-15,27,Male,0-38 Jeune,Langlois,Daniel Guillou
57.10.06-957.34,1957-10-06,66,Male,47-113 Senior,Thibault et fils,Nicolas Mendès
51.10.23-765.69,1951-10-23,72,Male,47-113 Senior,Aubert,Françoise Neveu
79.01.08-842.77,1979-01-08,45,Female,43-46 À point,Gautier,Christophe Prévost
53.02.17-626.77,1953-02-17,71,Female,47-113 Senior,Guillou,Caroline Meunier
78.03.23-793.21,1978-03-23,45,Male,43-46 À point,Lucas brunel sa,Thibault Da Costa
75.06.13-041.18,1975-06-13,48,Male,47-113 Senior,Duval sauvage s a s,Isabelle Collet
74.10.12-311.28,1974-10-12,49,Male,47-113 Senior,Cordier,Raymond Schneider
80.06.23-638.36,1980-06-23,43,Female,43-46 À point,Bernier s a,Pénélope Laporte
70.09.09-389.50,1970-09-09,53,Male,47-113 Senior,Martin,Célina Martins
53.09.05-595.01,1953-09-05,70,Male,47-113 Senior,Lebreton sa,Margaux Lefebvre
48.05.20-653.62,1948-05-20,75,Male,47-113 Senior,Gay,Suzanne Lebon
54.08.24-758.15,1954-08-24,69,Female,47-113 Senior,Maillot,Nathalie Lagarde
67.07.24-925.81,1967-07-24,56,Male,47-113 Senior,Daniel,Marthe Gomes
73.05.06-265.86,1973-05-06,50,Male,47-113 Senior,Normand s a,Joséphine De Sousa
66.01.08-187.86,1966-01-08,58,Male,47-113 Senior,Leroux,Véronique Maréchal
67.02.16-763.14,1967-02-16,57,Male,47-113 Senior,Bailly,Lorraine Le Gall
69.09.15-350.62,1969-09-15,54,Female,47-113 Senior,Robin delaunay s a,Corinne Legrand
76.09.18-025.69,1976-09-18,47,Male,47-113 Senior,Martel lebrun et fils,Richard Boutin
91.03.29-393.44,1991-03-29,32,Male,0-38 Jeune,Ribeiro s a,Marcel Hubert
60.11.04-419.58,1960-11-04,63,Male,47-113 Senior,Dupuis s a s,Margaud Guillot
80.02.29-532.10,1980-02-29,44,Female,43-46 À point,Colas delorme s a r l,André Huet
55.05.26-956.48,1955-05-26,68,Female,47-113 Senior,Evrard,Émilie Giraud
48.07.20-888.23,1948-07-20,75,Female,47-113 Senior,Guilbert,André Wagner
81.07.07-555.01,1981-07-07,42,Male,39-42 Adulte,Brunel,Nathalie Morin
61.08.09-646.54,1961-08-09,62,Female,47-113 Senior,Le gall,Benoît Barre
82.06.13-393.01,1982-06-13,41,Male,39-42 Adulte,Ferreira,Noémi Pons
48.04.17-098.26,1948-04-17,75,Female,47-113 Senior,Chevallier texier s a r l,Catherine Imbert
84.12.03-779.95,1984-12-03,39,Male,39-42 Adulte,Alves,Laurence Torres
82.06.28-848.09,1982-06-28,41,Female,39-42 Adulte,Samson pineau et fils,Jacques Leconte
91.08.02-944.97,1991-08-02,32,Female,0-38 Jeune,Coulon,Sylvie Turpin
47.05.07-266.32,1947-05-07,76,Female,47-113 Senior,Meunier clement s a,Sébastien Besnard
52.04.14-125.32,1952-04-14,71,Male,47-113 Senior,Le goff martinez s a,Christelle Potier
50.08.24-904.94,1950-08-24,73,Female,47-113 Senior,Besnard s a r l,David Leroux
89.01.25-764.32,1989-01-25,35,Female,0-38 Jeune,Sauvage,Victor Blanc
62.08.02-119.87,1962-08-02,61,Male,47-113 Senior,Begue gimenez sa,Marie Klein
63.03.31-794.43,1963-03-31,60,Female,47-113 Senior,Jean deschamps s a s,Thibault Lagarde
63.07.25-365.01,1963-07-25,60,Male,47-113 Senior,Chevalier,Valentine Raymond
82.01.26-571.76,1982-01-26,42,Male,39-42 Adulte,Garcia,Maggie Launay
84.02.22-627.68,1984-02-22,40,Male,39-42 Adulte,Rolland,Véronique Pascal
79.12.26-297.23,1979-12-26,44,Male,43-46 À point,Coulon dubois sa,Alain Marques
92.03.28-567.94,1992-03-28,31,Male,0-38 Jeune,Gaillard besnard s a,Thérèse Lenoir
58.03.25-912.97,1958-03-25,65,Female,47-113 Senior,Bouvet menard et fils,Gilbert Brunet
56.02.05-013.86,1956-02-05,68,Male,47-113 Senior,Pires allain s a s,Hugues Boucher
57.11.02-107.75,1957-11-02,66,Male,47-113 Senior,De oliveira,Caroline Humbert
88.11.04-883.08,1988-11-04,35,Male,0-38 Jeune,Da costa,Claire Antoine
68.10.24-360.28,1968-10-24,55,Female,47-113 Senior,Legendre,Manon Delahaye
50.12.28-410.47,1950-12-28,73,Female,47-113 Senior,Pierre pereira sarl,Claudine Meyer
75.04.20-896.37,1975-04-20,48,Female,47-113 Senior,Texier sarl,Camille Deschamps
89.12.02-957.02,1989-12-02,34,Male,0-38 Jeune,Collin,Anouk Dufour
84.02.26-017.50,1984-02-26,40,Male,39-42 Adulte,Thierry brunel s a s,Raymond Guillaume
74.03.07-050.06,1974-03-07,50,Female,47-113 Senior,Joly sarl,Bertrand Nicolas
93.11.21-383.57,1993-11-21,30,Male,0-38 Jeune,Dupont imbert sarl,Thierry Navarro
92.10.31-851.69,1992-10-31,31,Male,0-38 Jeune,Guyon baudry sa,Laurent Bouchet
66.03.25-475.28,1966-03-25,57,Male,47-113 Senior,Auger,Laurence Michaud
53.03.26-086.90,1953-03-26,70,Female,47-113 Senior,Gauthier et fils,Victor Lebreton
82.01.29-276.73,1982-01-29,42,Female,39-42 Adulte,Maury morel s a r l,Margaud Maury
57.10.22-376.08,1957-10-22,66,Female,47-113 Senior,Gonzalez,Grégoire Rodrigues
58.06.02-915.36,1958-06-02,65,Male,47-113 Senior,Marty,Aimé Gosselin
61.03.24-194.21,1961-03-24,62,Female,47-113 Senior,Dias et fils,Susanne Perez
61.05.04-610.26,1961-05-04,62,Female,47-113 Senior,Normand,Auguste De Oliveira
60.06.24-894.94,1960-06-24,63,Female,47-113 Senior,Tessier s a r l,René Petit
60.10.06-571.21,1960-10-06,63,Male,47-113 Senior,Arnaud,Nathalie Philippe
50.10.22-633.35,1950-10-22,73,Male,47-113 Senior,Mahe briand sarl,Émilie Moreno
81.01.12-380.62,1981-01-12,43,Female,43-46 À point,Laine sarl,Lucas Prévost
71.08.04-449.29,1971-08-04,52,Male,47-113 Senior,Traore,Sabine Boutin
58.07.23-822.71,1958-07-23,65,Female,47-113 Senior,Ruiz,Juliette Henry
53.02.18-223.96,1953-02-18,71,Male,47-113 Senior,Hardy huet s a r l,Charlotte Goncalves
83.03.23-041.92,1983-03-23,40,Male,39-42 Adulte,Pereira,Émilie Le Gall
56.01.30-717.12,1956-01-30,68,Male,47-113 Senior,Leduc delannoy sarl,Henriette Peltier
55.05.05-803.21,1955-05-05,68,Male,47-113 Senior,Diaz ruiz s a,Thérèse Bazin
91.06.16-621.73,1991-06-16,32,Male,0-38 Jeune,Clerc sa,Anne Bernier
58.08.04-552.89,1958-08-04,65,Female,47-113 Senior,Moreau,Alexandria Lévêque
52.07.10-072.52,1952-07-10,71,Female,47-113 Senior,Pons,Michelle Masson
51.07.02-996.64,1951-07-02,72,Female,47-113 Senior,Perrin klein sa,Arthur Gomes
60.11.21-619.59,1960-11-21,63,Male,47-113 Senior,Leblanc s a,Susan Bouchet
62.05.03-473.57,1962-05-03,61,Male,47-113 Senior,Pereira,Édith Labbé
56.03.19-906.88,1956-03-19,67,Female,47-113 Senior,Morin,Océane Gilles
71.11.11-301.97,1971-11-11,52,Male,47-113 Senior,Rey,Chantal Monnier
79.03.04-167.93,1979-03-04,45,Male,43-46 À point,Muller,Emmanuel Torres
48.05.23-534.49,1948-05-23,75,Female,47-113 Senior,Clement s a s,Virginie Boutin
70.01.07-699.88,1970-01-07,54,Male,47-113 Senior,Couturier,Marthe Vasseur
89.10.30-742.84,1989-10-30,34,Female,0-38 Jeune,Pruvost,Alexandre Barbier
79.05.23-337.25,1979-05-23,44,Male,43-46 À point,Rousseau s a s,Adélaïde Alexandre
96.05.19-039.79,1996-05-19,27,Male,0-38 Jeune,Delahaye,Martine Gonzalez
49.08.20-842.02,1949-08-20,74,Female,47-113 Senior,Chauveau et fils,Jules Ramos
77.04.08-618.28,1977-04-08,46,Female,43-46 À point,Godard s a s,Frédérique Aubry
97.01.19-331.45,1997-01-19,27,Male,0-38 Jeune,Garcia,Alfred Martinez
67.08.15-238.83,1967-08-15,56,Female,47-113 Senior,Leconte,Laurence Lopez
80.11.19-118.92,1980-11-19,43,Female,43-46 À point,Royer blin s a r l,Victoire Weiss
53.12.24-227.30,1953-12-24,70,Male,47-113 Senior,Colas riviere s a,Nathalie Hardy
93.08.16-643.68,1993-08-16,30,Male,0-38 Jeune,Dupre ollivier s a,Corinne Leduc
64.08.23-574.23,1964-08-23,59,Female,47-113 Senior,Perret,Honoré Blanc
84.02.19-656.79,1984-02-19,40,Female,39-42 Adulte,Payet francois s a,Christine Boutin
87.07.05-486.26,1987-07-05,36,Female,0-38 Jeune,Henry gay s a r l,William Barthelemy
60.04.13-074.20,1960-04-13,63,Female,47-113 Senior,Nguyen s a,Joseph Delaunay
76.01.09-883.66,1976-01-09,48,Male,47-113 Senior,Maillot s a s,Margaud Cordier
61.04.24-270.22,1961-04-24,62,Female,47-113 Senior,Coulon,Martin Allain
46.12.03-723.84,1946-12-03,77,Male,47-113 Senior,Arnaud,Hugues Bousquet
93.02.07-054.37,1993-02-07,31,Female,0-38 Jeune,Samson,Marcel Leblanc
49.03.25-376.06,1949-03-25,74,Female,47-113 Senior,Bertin,Agathe Charpentier
73.11.14-159.93,1973-11-14,50,Male,47-113 Senior,Renard sarl,Luce Cousin
63.05.23-233.00,1963-05-23,60,Male,47-113 Senior,Parent sarl,Isabelle Cordier
55.03.04-843.98,1955-03-04,69,Male,47-113 Senior,Paris,Alphonse Simon
58.05.25-552.18,1958-05-25,65,Female,47-113 Senior,Leblanc et fils,Richard Diallo
86.12.04-330.24,1986-12-04,37,Female,0-38 Jeune,Lemonnier,Claude Lejeune
61.08.18-911.28,1961-08-18,62,Male,47-113 Senior,Boutin sa,Arthur Clerc
47.05.05-995.41,1947-05-05,76,Male,47-113 Senior,Dias peron sa,Aimée Collin
89.02.08-520.65,1989-02-08,35,Female,0-38 Jeune,Dijoux s a r l,Olivie Bazin
82.10.28-722.89,1982-10-28,41,Female,39-42 Adulte,Marechal,Patricia Lucas
96.03.28-776.48,1996-03-28,27,Female,0-38 Jeune,Fernandez,Paul Gimenez
